PLAYER,SEASON,TEAM,OFFENSIVE ARCHETYPE,MINUTES,POS,AGE,LEBRON,O-LEBRON,D-LEBRON,WAR,LEBRON CONTRACT VALUE,BOXLEBRON,BOXOLEBRON,BOXDLEBRON
Nikola Jokic,2022-23,DEN,Post Scorer,"2,323",C,28,7.31,5.55,1.76,13.8,"43,920,291.00",5.68,4.5,1.17
Giannis Antetokounmpo,2022-23,MIL,Shot Creator,"2,024",PF,28,5.87,4.73,1.14,10.4,"33,185,325.00",5.33,4.11,1.22
Joel Embiid,2022-23,PHI,Shot Creator,"2,284",C,29,5.86,3.78,2.08,11.7,"37,414,842.00",5.83,4.61,1.22
Jimmy Butler,2022-23,MIA,Shot Creator,"2,138",SF,33,5.01,4.27,0.74,9.9,"31,693,331.00",4.32,3.59,0.73
Anthony Davis,2022-23,LAL,Shot Creator,"1,905",C,30,4.9,2.21,2.69,8.7,"27,840,660.00",4.16,2.38,1.77
Jaren Jackson Jr.,2022-23,MEM,Versatile Big,"1,787",C,23,4.52,1.11,3.41,7.8,"24,853,002.00",3.77,0.65,3.12
Jayson Tatum,2022-23,BOS,Shot Creator,"2,732",PF,25,4.42,4.29,0.13,11.7,"37,494,864.00",4.98,4.16,0.82
Donovan Mitchell,2022-23,CLE,Primary Ball Handler,"2,432",SG,26,4.31,3.58,0.73,10.3,"32,847,180.00",3.3,3.42,-0.11
Luka Doncic,2022-23,DAL,Shot Creator,"2,391",PG,24,4.22,5.03,-0.81,10,"31,897,296.00",5.73,5.9,-0.17
LeBron James,2022-23,LAL,Shot Creator,"1,954",PF,38,4.11,3.86,0.25,8,"25,630,265.00",2.98,3.23,-0.26
Kawhi Leonard,2022-23,LAC,Shot Creator,"1,748",SF,31,4.05,3.01,1.04,7.1,"22,736,546.00",3.07,2.74,0.33
Nic Claxton,2022-23,BRK,Roll + Cut Big,"2,271",C,23,3.85,0.64,3.21,9,"28,664,900.00",2.56,-0.23,2.78
Ja Morant,2022-23,MEM,Slasher,"1,948",PG,23,3.81,3.73,0.09,7.7,"24,469,352.00",3.14,3.42,-0.29
Shai Gilgeous-Alexander,2022-23,OKC,Shot Creator,"2,416",PG,24,3.79,3.58,0.21,9.5,"30,204,862.00",3.52,3.24,0.28
Damian Lillard,2022-23,POR,Shot Creator,"2,107",PG,32,3.73,5.99,-2.26,8.2,"26,122,251.00",3.48,5.52,-2.04
James Harden,2022-23,PHI,Shot Creator,"2,135",PG,33,3.59,3.45,0.14,8.1,"25,889,553.00",4.19,3.86,0.33
Stephen Curry,2022-23,GSW,Primary Ball Handler,"1,941",PG,35,3.59,4.06,-0.47,7.4,"23,538,985.00",3.57,4.25,-0.68
Jrue Holiday,2022-23,MIL,Primary Ball Handler,"2,183",PG,32,3.47,1.88,1.58,8.1,"25,949,830.00",2.13,1.87,0.27
Kevin Durant,2022-23,BRK/PHO,Shot Creator,"1,672",SF,34,3.38,2.65,0.73,6.1,"19,583,728.00",2.6,2.49,0.11
Fred VanVleet,2022-23,TOR,Primary Ball Handler,"2,535",PG,29,3.25,2.98,0.26,9.1,"29,032,500.00",2.21,1.8,0.4
Tyrese Haliburton,2022-23,IND,Primary Ball Handler,"1,883",PG,23,3.22,3.49,-0.26,6.7,"21,486,563.00",3.08,3.81,-0.73
Paul George,2022-23,LAC,Shot Creator,"1,939",SG,32,3.15,2.14,1.02,6.8,"21,846,909.00",2.17,2.14,0.03
Domantas Sabonis,2022-23,SAC,Roll + Cut Big,"2,736",C,26,3.14,2.34,0.8,9.6,"30,779,087.00",3.5,2.7,0.8
Darius Garland,2022-23,CLE,Primary Ball Handler,"2,447",PG,23,3.12,2.91,0.21,8.6,"27,421,862.00",2.16,2.2,-0.05
Walker Kessler,2022-23,UTA,Roll + Cut Big,"1,703",C,21,3.1,0.03,3.07,6,"19,017,513.00",1.93,-0.28,2.21
Devin Booker,2022-23,PHO,Shot Creator,"1,835",SG,26,3.1,3.7,-0.6,6.4,"20,481,404.00",2,2.69,-0.69
Kristaps Porzingis,2022-23,WAS,Versatile Big,"2,120",C,27,3.05,1.85,1.2,7.4,"23,470,843.00",3.05,2.17,0.88
Clint Capela,2022-23,ATL,Roll + Cut Big,"1,730",C,28,3,1.27,1.73,5.9,"18,969,984.00",1.59,0.32,1.27
Brook Lopez,2022-23,MIL,Stretch Big,"2,373",C,35,2.81,-0.46,3.26,7.9,"25,115,754.00",2.39,0.11,2.27
Chris Paul,2022-23,PHO,Primary Ball Handler,"1,889",PG,37,2.61,1.49,1.12,6,"19,270,352.00",2.82,1.7,1.12
Kyrie Irving,2022-23,BRK/DAL,Shot Creator,"2,240",PG,31,2.52,3.17,-0.65,7,"22,455,056.00",2.26,3.05,-0.79
Lauri Markkanen,2022-23,UTA,Stretch Big,"2,273",SF,25,2.51,2.7,-0.19,7.1,"22,736,268.00",2.14,2.93,-0.78
Evan Mobley,2022-23,CLE,Roll + Cut Big,"2,715",PF,21,2.51,-0.58,3.08,8.5,"27,136,690.00",2.21,0.03,2.19
Aaron Gordon,2022-23,DEN,Shot Creator,"2,055",PF,27,2.47,1.76,0.71,6.4,"20,373,574.00",1.42,1.33,0.08
Pascal Siakam,2022-23,TOR,Shot Creator,"2,652",C,29,2.43,2.08,0.35,8.2,"26,088,870.00",1.52,1.69,-0.17
Zion Williamson,2022-23,NOP,Shot Creator,956,PF,22,2.42,2.13,0.29,2.9,"9,391,014.00",1.73,1.93,-0.2
Derrick White,2022-23,BOS,Stationary Shooter,"2,319",SG,28,2.41,0.82,1.58,7.1,"22,710,963.00",1.99,0.9,1.09
DeMar DeRozan,2022-23,CHI,Shot Creator,"2,682",SF,33,2.4,1.81,0.59,8.2,"26,248,223.00",1.81,1.39,0.42
Julius Randle,2022-23,NYK,Shot Creator,"2,737",PF,28,2.33,3.21,-0.89,8.3,"26,359,922.00",2.82,2.9,-0.08
Jarrett Allen,2022-23,CLE,Roll + Cut Big,"2,220",C,24,2.2,0.04,2.17,6.5,"20,837,735.00",2,0.12,1.87
Draymond Green,2022-23,GSW,Roll + Cut Big,"2,297",PF,33,2.17,-0.89,3.07,6.7,"21,432,442.00",0.87,-1.14,2
Immanuel Quickley,2022-23,NYK,Primary Ball Handler,"2,344",PG,23,2.11,1.9,0.21,6.8,"21,576,632.00",0.94,1.28,-0.34
Myles Turner,2022-23,IND,Stretch Big,"1,825",C,27,2.09,0.12,1.98,5.2,"16,724,703.00",1.78,0.42,1.37
Trae Young,2022-23,ATL,Primary Ball Handler,"2,541",PG,24,2.09,3.99,-1.9,7.3,"23,258,451.00",1.92,3.56,-1.64
De'Aaron Fox,2022-23,SAC,Slasher,"2,435",PG,25,2.08,2.96,-0.88,7,"22,266,049.00",2.67,3.23,-0.56
Alex Caruso,2022-23,CHI,Stationary Shooter,"1,575",PG,29,2.08,-0.89,2.97,4.5,"14,386,024.00",-0.02,-1.84,1.82
Steven Adams,2022-23,MEM,Roll + Cut Big,"1,133",C,29,2.01,0.14,1.87,3.2,"10,204,547.00",0.8,-0.5,1.31
Desmond Bane,2022-23,MEM,Secondary Ball Handler,"1,842",SG,24,1.97,1.76,0.22,5.1,"16,437,334.00",1.59,1.64,-0.05
Jalen Brunson,2022-23,NYK,Shot Creator,"2,379",PG,26,1.89,3.12,-1.23,6.5,"20,827,597.00",2.14,2.73,-0.59
Robert Williams III,2022-23,BOS,Roll + Cut Big,824,C,25,1.85,-0.21,2.06,2.2,"7,146,094.00",1.01,-0.75,1.75
Kevon Looney,2022-23,GSW,Roll + Cut Big,"1,958",C,27,1.68,0.33,1.35,5.1,"16,313,213.00",1.85,0.25,1.6
Nikola Vucevic,2022-23,CHI,Versatile Big,"2,746",C,32,1.67,0.61,1.07,7.2,"22,852,447.00",2.01,0.59,1.42
Josh Hart,2022-23,POR/NYK,Stationary Shooter,"2,454",SG,28,1.67,0.09,1.57,6.4,"20,393,318.00",-0.36,-0.89,0.53
Jakob Poeltl,2022-23,SAS/TOR,Roll + Cut Big,"1,906",C,27,1.59,-0.53,2.12,4.9,"15,545,407.00",0.82,-0.23,1.05
Bam Adebayo,2022-23,MIA,Shot Creator,"2,598",C,25,1.54,0.07,1.46,6.5,"20,902,608.00",1.17,-0.05,1.22
Chris Boucher,2022-23,TOR,Stretch Big,"1,523",PF,30,1.53,0.94,0.59,3.8,"12,231,898.00",0.24,-0.11,0.35
Andre Drummond,2022-23,CHI,Roll + Cut Big,849,C,29,1.52,-0.58,2.1,2.1,"6,804,126.00",1.21,-0.56,1.77
Spencer Dinwiddie,2022-23,DAL/BRK,Shot Creator,"2,725",PG,30,1.49,1.76,-0.28,6.8,"21,655,714.00",1.42,2.08,-0.66
Cameron Johnson,2022-23,PHO/BRK,Stationary Shooter,"1,200",PF,27,1.46,0.95,0.51,3,"9,459,023.00",0.83,0.87,-0.04
Alperen Sengun,2022-23,HOU,Post Scorer,"2,171",C,20,1.43,0.8,0.64,5.3,"17,018,965.00",-0.03,-0.22,0.2
Bradley Beal,2022-23,WAS,Shot Creator,"1,673",SG,29,1.43,2.03,-0.6,4.1,"13,093,889.00",0.77,1.61,-0.84
Khris Middleton,2022-23,MIL,Shot Creator,801,SF,31,1.4,1.41,-0.01,2,"6,228,405.00",1.01,1.64,-0.63
Isaiah Hartenstein,2022-23,NYK,Roll + Cut Big,"1,628",C,24,1.39,-0.57,1.96,4,"12,627,333.00",-0.35,-1.68,1.34
LaMelo Ball,2022-23,CHO,Primary Ball Handler,"1,268",PG,21,1.37,2.19,-0.82,3.1,"9,767,691.00",1.1,1.84,-0.74
Scottie Barnes,2022-23,TOR,Shot Creator,"2,678",PF,21,1.33,0.26,1.07,6.4,"20,423,914.00",0.09,-0.07,0.16
Karl-Anthony Towns,2022-23,MIN,Stretch Big,957,PF,27,1.31,0.66,0.65,2.3,"7,265,966.00",1.19,1.36,-0.16
Delon Wright,2022-23,WAS,Secondary Ball Handler,"1,221",PG,30,1.3,0.43,0.87,2.9,"9,251,237.00",0.83,0,0.83
Kyle Anderson,2022-23,MIN,Slasher,"1,957",PF,29,1.29,-0.32,1.61,4.6,"14,774,827.00",0.4,-0.77,1.17
Wendell Carter Jr.,2022-23,ORL,Stretch Big,"1,690",C,23,1.26,-0.03,1.3,4,"12,656,702.00",0.73,0.23,0.51
Larry Nance Jr.,2022-23,NOP,Roll + Cut Big,"1,381",PF,30,1.25,-0.74,2,3.2,"10,321,458.00",0.11,-1.12,1.23
Goga Bitadze,2022-23,IND/ORL,Roll + Cut Big,457,C,23,1.25,-0.18,1.43,1.1,"3,409,194.00",0.3,-0.3,0.6
Kevin Huerter,2022-23,SAC,Movement Shooter,"2,203",SG,24,1.24,1.88,-0.64,5.1,"16,379,098.00",1.31,1.46,-0.15
Mitchell Robinson,2022-23,NYK,Roll + Cut Big,"1,589",C,25,1.2,-0.79,2,3.7,"11,709,706.00",1.87,-0.51,2.38
Franz Wagner,2022-23,ORL,Secondary Ball Handler,"2,609",SF,21,1.15,0.72,0.42,5.9,"18,933,448.00",-0.35,0.12,-0.47
Monte Morris,2022-23,WAS,Primary Ball Handler,"1,696",PG,27,1.1,1.27,-0.17,3.8,"12,148,949.00",0.47,0.52,-0.05
Bruno Fernando,2022-23,HOU/ATL,Roll + Cut Big,405,C,24,1.08,-1.12,2.2,0.9,"2,885,217.00",1.12,-0.97,2.08
Moses Brown,2022-23,LAC/BRK,Roll + Cut Big,294,C,23,1.08,0.48,0.6,0.7,"2,093,068.00",0.96,0.47,0.5
Rudy Gobert,2022-23,MIN,Roll + Cut Big,"2,149",C,30,1.01,-0.89,1.9,4.7,"14,978,113.00",1.51,-0.31,1.82
John Konchar,2022-23,MEM,Stationary Shooter,"1,494",SG,27,1,-0.52,1.51,3.3,"10,382,937.00",-0.44,-1.78,1.35
Anthony Edwards,2022-23,MIN,Shot Creator,"2,842",SG,21,0.98,0.84,0.14,6.2,"19,662,183.00",1.08,1.12,-0.04
Paul Reed,2022-23,PHI,Roll + Cut Big,755,C,23,0.93,-0.79,1.72,1.6,"5,150,335.00",0.48,-1.3,1.78
Kyle Lowry,2022-23,MIA,Movement Shooter,"1,718",PG,37,0.91,0.08,0.83,3.6,"11,621,821.00",0.45,-0.16,0.61
Marcus Smart,2022-23,BOS,Stationary Shooter,"1,957",PG,29,0.9,-0.01,0.91,4.1,"13,233,839.00",1.1,0.24,0.86
Jalen Johnson,2022-23,ATL,Stretch Big,"1,042",SF,21,0.86,-0.27,1.12,2.2,"6,940,267.00",0.18,-0.95,1.13
Zach LaVine,2022-23,CHI,Primary Ball Handler,"2,768",SG,28,0.82,1.37,-0.56,5.7,"18,228,068.00",1.25,1.69,-0.44
Jaylen Brown,2022-23,BOS,Secondary Ball Handler,"2,405",SF,26,0.81,0.91,-0.1,4.9,"15,786,069.00",2.06,1.97,0.09
Tobias Harris,2022-23,PHI,Stationary Shooter,"2,436",PF,30,0.8,-0.07,0.87,5,"15,935,844.00",0.85,0.29,0.56
O.G. Anunoby,2022-23,TOR,Stationary Shooter,"2,386",SF,25,0.78,-0.51,1.28,4.9,"15,511,471.00",-0.15,-0.76,0.61
Tyler Herro,2022-23,MIA,Primary Ball Handler,"2,336",SG,23,0.77,0.8,-0.03,4.8,"15,179,258.00",0.55,0.66,-0.11
Jamal Murray,2022-23,DEN,Primary Ball Handler,"2,133",PG,26,0.77,2.03,-1.26,4.3,"13,845,543.00",1.51,2.24,-0.73
Jock Landale,2022-23,PHO,Post Scorer,979,C,27,0.74,0.1,0.64,2,"6,287,762.00",-0.97,-0.55,-0.42
Kevin Love,2022-23,CLE/MIA,Stretch Big,"1,240",PF,34,0.73,0.37,0.36,2.5,"7,944,359.00",0.62,0.2,0.42
Harrison Barnes,2022-23,SAC,Stationary Shooter,"2,662",PF,30,0.71,1.18,-0.47,5.3,"16,952,345.00",0.52,0.98,-0.46
Jusuf Nurkic,2022-23,POR,Post Scorer,"1,391",C,28,0.68,-1.2,1.88,2.7,"8,765,634.00",0.84,-0.14,0.97
Kris Dunn,2022-23,UTA,Slasher,568,PG,29,0.65,0.67,-0.02,1.1,"3,541,464.00",0.66,0.21,0.45
Tari Eason,2022-23,HOU,Athletic Finisher,"1,767",PF,21,0.6,-0.26,0.86,3.4,"10,862,981.00",-1.19,-1.27,0.09
Chimezie Metu,2022-23,SAC,Roll + Cut Big,689,C,26,0.59,-0.38,0.97,1.3,"4,214,065.00",0.34,-0.58,0.91
Boban Marjanovic,2022-23,HOU,Post Scorer,171,C,34,0.58,0.22,0.37,0.3,"1,045,237.00",0.21,-0.21,0.42
Mike Conley,2022-23,UTA/MIN,Primary Ball Handler,"2,028",PG,35,0.57,1.08,-0.51,3.9,"12,347,853.00",1.08,1.28,-0.2
Cedi Osman,2022-23,CLE,Stationary Shooter,"1,548",SF,28,0.57,0.71,-0.15,2.9,"9,410,441.00",-0.75,-0.31,-0.43
Christian Wood,2022-23,DAL,Shot Creator,"1,738",C,27,0.54,0.83,-0.29,3.3,"10,478,999.00",1.73,1.52,0.21
Jordan Goodwin,2022-23,WAS,Secondary Ball Handler,"1,105",PG,24,0.54,-0.18,0.72,2.1,"6,661,918.00",0.01,-0.46,0.47
Brandon Ingram,2022-23,NOP,Shot Creator,"1,538",SF,25,0.53,1.19,-0.66,2.9,"9,239,522.00",0.96,1.31,-0.35
Herbert Jones,2022-23,NOP,Athletic Finisher,"1,951",SF,24,0.53,-0.75,1.28,3.7,"11,708,881.00",-0.03,-1.38,1.35
Ivica Zubac,2022-23,LAC,Post Scorer,"2,170",C,26,0.52,-1.56,2.07,4.1,"12,960,657.00",0.45,-1.13,1.58
Charles Bassey,2022-23,SAS,Roll + Cut Big,508,C,22,0.52,-1.06,1.57,1,"3,033,757.00",-0.1,-1.43,1.33
Josh Okogie,2022-23,PHO,Stationary Shooter,"1,351",SG,24,0.5,-0.12,0.63,2.5,"8,035,729.00",-0.22,-0.35,0.13
Klay Thompson,2022-23,GSW,Off Screen Shooter,"2,279",SG,33,0.5,1.39,-0.88,4.2,"13,549,600.00",0.79,1.65,-0.86
Malcolm Brogdon,2022-23,BOS,Primary Ball Handler,"1,744",PG,30,0.48,0.61,-0.12,3.2,"10,300,814.00",1.05,1.37,-0.31
Mike Muscala,2022-23,OKC/BOS,Stretch Big,945,C,31,0.45,0.03,0.42,1.7,"5,513,010.00",-0.61,-0.68,0.07
Moritz Wagner,2022-23,ORL,Stretch Big,"1,109",C,25,0.45,0.22,0.22,2,"6,467,939.00",0.44,0.42,0.03
Darius Days,2022-23,HOU,Low Minute,25,PF,23,0.43,0.1,0.33,0,"145,054.00",0.44,0.05,0.39
Alec Burks,2022-23,DET,Secondary Ball Handler,"1,122",SG,31,0.43,1.3,-0.88,2,"6,500,613.00",-0.31,0.61,-0.92
Jose Alvarado,2022-23,NOP,Movement Shooter,"1,310",PG,24,0.41,0.07,0.35,2.4,"7,555,320.00",-0.63,-0.42,-0.21
Orlando Robinson,2022-23,MIA,Roll + Cut Big,425,C,22,0.4,-1.18,1.58,0.8,"2,438,726.00",-0.55,-1.65,1.09
Kelly Olynyk,2022-23,UTA,Movement Shooter,"1,942",C,31,0.39,-0.03,0.42,3.5,"11,117,272.00",0.26,-0.27,0.53
Willy Hernangomez,2022-23,NOP,Roll + Cut Big,458,C,28,0.39,0.08,0.31,0.8,"2,612,276.00",0.9,0.24,0.65
Andrew Wiggins,2022-23,GSW,Athletic Finisher,"1,190",SF,28,0.37,-0.37,0.74,2.1,"6,752,269.00",0.52,0.28,0.24
Mikal Bridges,2022-23,PHO/BRK,Secondary Ball Handler,"2,963",SF,26,0.34,0.3,0.04,5.2,"16,663,166.00",0.66,0.69,-0.03
Austin Reaves,2022-23,LAL,Secondary Ball Handler,"1,843",SG,24,0.34,1.05,-0.71,3.2,"10,337,635.00",-0.9,-0.31,-0.58
Trevor Hudgins,2022-23,HOU,Low Minute,28,PG,24,0.33,0.02,0.32,0,"158,745.00",0.35,0,0.35
Dwight Powell,2022-23,DAL,Roll + Cut Big,"1,458",C,31,0.31,-0.46,0.78,2.5,"8,105,027.00",-0.59,-0.76,0.17
Al Horford,2022-23,BOS,Stationary Shooter,"1,921",C,36,0.31,-0.66,0.97,3.3,"10,656,338.00",1.52,0.01,1.51
Buddy Hield,2022-23,IND,Movement Shooter,"2,482",SF,30,0.3,0.89,-0.59,4.3,"13,723,000.00",-0.27,0.87,-1.14
Luguentz Dort,2022-23,OKC,Stationary Shooter,"2,272",SG,23,0.29,0.13,0.16,3.9,"12,526,430.00",-0.61,-0.36,-0.25
Santi Aldama,2022-23,MEM,Athletic Finisher,"1,682",PF,22,0.29,-0.62,0.91,2.9,"9,267,388.00",-0.07,-0.78,0.71
Shaquille Harrison,2022-23,POR,Secondary Ball Handler,120,SG,29,0.29,0.11,0.18,0.2,"660,665.00",0.3,-0.03,0.33
Cade Cunningham,2022-23,DET,Slasher,400,PG,21,0.28,0.51,-0.23,0.7,"2,198,612.00",0.27,0.48,-0.21
Jonathan Isaac,2022-23,ORL,Roll + Cut Big,124,PF,25,0.28,-0.44,0.72,0.2,"680,553.00",0.41,0.01,0.4
Nicolas Batum,2022-23,LAC,Stationary Shooter,"1,709",PF,34,0.27,-0.86,1.13,2.9,"9,342,368.00",-0.55,-1.22,0.67
Cole Anthony,2022-23,ORL,Primary Ball Handler,"1,552",PG,22,0.24,1.01,-0.76,2.6,"8,411,871.00",0.18,0.17,0.02
Kentavious Caldwell-Pope,2022-23,DEN,Stationary Shooter,"2,381",SG,30,0.24,-0.6,0.84,4,"12,890,648.00",-0.14,-0.84,0.7
Ben Simmons,2022-23,BRK,Roll + Cut Big,"1,105",PG,26,0.22,-1.48,1.7,1.9,"5,923,901.00",0.25,-1.34,1.59
Hamidou Diallo,2022-23,DET,Athletic Finisher,996,SG,24,0.2,-0.84,1.04,1.7,"5,303,981.00",-1.64,-1.57,-0.06
Mason Plumlee,2022-23,CHO/LAC,Roll + Cut Big,"2,053",C,33,0.19,-0.25,0.44,3.4,"10,918,705.00",0.52,-0.27,0.8
Bismack Biyombo,2022-23,PHO,Post Scorer,874,C,30,0.19,-2.69,2.88,1.5,"4,644,243.00",-0.04,-2.64,2.6
Xavier Tillman,2022-23,MEM,Roll + Cut Big,"1,180",PF,24,0.19,-1,1.18,2,"6,260,389.00",0.14,-0.74,0.88
Lindy Waters III,2022-23,OKC,Movement Shooter,531,SG,25,0.17,0.04,0.13,0.9,"2,797,877.00",-0.54,-0.01,-0.53
D'Angelo Russell,2022-23,MIN/LAL,Primary Ball Handler,"2,304",PG,27,0.16,0.65,-0.49,3.8,"12,079,873.00",0.58,1.27,-0.69
Wenyen Gabriel,2022-23,LAL,Roll + Cut Big,"1,024",PF,26,0.15,-0.83,0.99,1.7,"5,361,509.00",-1.32,-1.74,0.43
Jonas Valanciunas,2022-23,NOP,Post Scorer,"1,968",C,30,0.15,-0.32,0.47,3.2,"10,273,368.00",0.73,-0.1,0.83
Tyus Jones,2022-23,MEM,Primary Ball Handler,"1,940",PG,26,0.13,0.98,-0.85,3.2,"10,062,210.00",1.04,1.17,-0.13
Tre Jones,2022-23,SAS,Slasher,"1,984",PG,23,0.12,0.72,-0.6,3.2,"10,263,815.00",-0.9,0.02,-0.92
CJ McCollum,2022-23,NOP,Primary Ball Handler,"2,649",SG,31,0.12,1.69,-1.57,4.3,"13,699,768.00",0.81,1.06,-0.25
Javonte Green,2022-23,CHI,Stretch Big,480,SG,29,0.12,-1.48,1.6,0.8,"2,481,786.00",-0.65,-1.72,1.07
Bobby Portis,2022-23,MIL,Versatile Big,"1,819",PF,28,0.11,-0.08,0.18,2.9,"9,344,429.00",0.86,0.51,0.35
Coby White,2022-23,CHI,Stationary Shooter,"1,730",SG,23,0.1,0.83,-0.73,2.8,"8,867,035.00",-0.75,-0.44,-0.31
Talen Horton-Tucker,2022-23,UTA,Primary Ball Handler,"1,313",SG,22,0.08,0.35,-0.26,2.1,"6,686,407.00",-0.42,0.28,-0.7
T.J. McConnell,2022-23,IND,Slasher,"1,526",PG,31,0.08,0.1,-0.02,2.4,"7,765,260.00",-1.03,-0.44,-0.59
Daniel Gafford,2022-23,WAS,Roll + Cut Big,"1,604",C,24,0.08,-0.72,0.79,2.6,"8,145,936.00",0.4,-0.74,1.13
Dejounte Murray,2022-23,ATL,Shot Creator,"2,693",SG,26,0.05,0.64,-0.58,4.2,"13,558,119.00",0.84,1.22,-0.38
Robert Covington,2022-23,LAC,Athletic Finisher,779,PF,32,0.05,-0.8,0.85,1.2,"3,911,547.00",0.5,-1,1.5
Skylar Mays,2022-23,POR,Secondary Ball Handler,189,SG,25,0.02,0.32,-0.3,0.3,"935,185.00",0.42,0.4,0.02
Luka Garza,2022-23,MIN,Stretch Big,243,C,24,0,1.4,-1.4,0.4,"1,196,596.00",-0.67,0.75,-1.41
Tyrese Maxey,2022-23,PHI,Primary Ball Handler,"2,016",SG,22,-0.01,1.36,-1.37,3.1,"9,866,429.00",0.37,1.55,-1.18
Cody Zeller,2022-23,MIA,Roll + Cut Big,217,C,30,-1,-0.98,-0.02,0.2,"626,572.00",-0.89,-1.15,0.27
Jordan McLaughlin,2022-23,MIN,Secondary Ball Handler,678,PG,27,-0.02,-0.28,0.25,1,"3,305,605.00",-1.05,-0.59,-0.46
Onyeka Okongwu,2022-23,ATL,Roll + Cut Big,"1,849",C,22,-0.04,-1.2,1.16,2.8,"8,963,094.00",0.43,-0.72,1.16
TyTy Washington Jr.,2022-23,HOU,Secondary Ball Handler,433,PG,21,-0.05,-0.51,0.46,0.7,"2,086,846.00",-1.01,-0.83,-0.18
Stanley Umude,2022-23,DET,Low Minute,2,SG,24,-0.05,-0.04,-0.01,0,"10,201.00",-0.07,-0.08,0
Jay Huff,2022-23,WAS,Low Minute,95,C,25,-0.06,-0.14,0.08,0.1,"456,260.00",-0.38,-0.38,0
Dillon Brooks,2022-23,MEM,Secondary Ball Handler,"2,214",SF,27,-0.06,-0.96,0.9,3.3,"10,640,429.00",-0.84,-0.86,0.02
Terence Davis,2022-23,SAC,Movement Shooter,841,SG,25,-0.06,-0.3,0.24,1.3,"4,034,979.00",0.08,0.18,-0.1
Terry Rozier,2022-23,CHO,Primary Ball Handler,"2,221",SG,29,-0.06,1.51,-1.58,3.3,"10,639,955.00",-0.87,0.31,-1.19
Alize Johnson,2022-23,SAS,Low Minute,30,PF,26,-0.09,-0.37,0.28,0,"140,120.00",-0.5,-0.56,0.06
Russell Westbrook,2022-23,LAL/LAC,Shot Creator,"2,126",PG,34,-0.09,0.75,-0.84,3.2,"10,087,200.00",0.53,0.77,-0.24
Mo Bamba,2022-23,ORL/LAL,Stretch Big,768,C,24,-0.09,-0.5,0.41,1.1,"3,643,215.00",0.88,-0.31,1.19
Brandon Clarke,2022-23,MEM,Roll + Cut Big,"1,090",PF,26,-0.09,-0.92,0.83,1.6,"5,159,045.00",0.4,-0.41,0.81
Mark Williams,2022-23,CHO,Roll + Cut Big,828,C,21,-0.1,-1.35,1.25,1.2,"3,912,534.00",0.4,-1.22,1.63
Jalen Smith,2022-23,IND,Stretch Big,"1,279",PF,23,-0.1,-0.12,0.02,1.9,"6,025,145.00",-0.49,-0.25,-0.24
Christian Koloko,2022-23,TOR,Roll + Cut Big,802,C,22,-0.11,-2.19,2.07,1.2,"3,762,591.00",-1.43,-2.8,1.37
Luka Samanic,2022-23,UTA,Stationary Shooter,161,PF,23,-0.11,-0.31,0.2,0.2,"754,215.00",-0.45,-0.59,0.14
Obi Toppin,2022-23,NYK,Stationary Shooter,"1,050",PF,25,-0.13,0.01,-0.15,1.5,"4,889,315.00",-0.58,-0.07,-0.51
Trey Lyles,2022-23,SAC,Movement Shooter,"1,247",PF,27,-0.14,-0.12,-0.01,1.8,"5,792,981.00",0.05,0.05,0
Tyler Dorsey,2022-23,DAL,Low Minute,8,SG,27,-0.15,0.13,-0.28,0,"38,142.00",-0.19,0.12,-0.31
Kemba Walker,2022-23,DAL,Secondary Ball Handler,144,PG,32,-0.16,0.58,-0.74,0.2,"660,611.00",-0.05,0.39,-0.44
Facundo Campazzo,2022-23,DAL,Low Minute,52,PG,32,-0.17,-0.14,-0.03,0.1,"239,004.00",-0.23,0.04,-0.27
Lester Quinones,2022-23,GSW,Low Minute,18,SG,22,-0.17,-0.09,-0.08,0,"82,864.00",-0.24,-0.09,-0.15
Gary Payton II,2022-23,POR/GSW,Stretch Big,368,PG,30,-0.18,-0.3,0.13,0.5,"1,677,139.00",-1.11,-1.33,0.23
Dalen Terry,2022-23,CHI,Stationary Shooter,214,SG,20,-0.18,-0.4,0.22,0.3,"974,382.00",-0.56,-0.51,-0.05
Michael Porter Jr.,2022-23,DEN,Movement Shooter,"1,798",SF,24,-0.18,1.05,-1.23,2.6,"8,189,296.00",0.82,1.2,-0.38
Bojan Bogdanovic,2022-23,DET,Off Screen Shooter,"1,893",PF,33,-0.18,1.17,-1.35,2.7,"8,621,338.00",-1.28,0.68,-1.95
Quentin Grimes,2022-23,NYK,Movement Shooter,"2,121",SG,22,-0.19,-0.28,0.09,3,"9,622,570.00",-0.27,-0.28,0.01
Jarrell Brantley,2022-23,UTA,Low Minute,39,PF,26,-0.21,-0.08,-0.12,0.1,"175,428.00",-0.32,-0.14,-0.17
Dorian Finney-Smith,2022-23,DAL/BRK,Stationary Shooter,"2,009",PF,29,-0.21,-0.73,0.52,2.8,"9,030,760.00",-1.02,-0.91,-0.12
Matisse Thybulle,2022-23,PHI/POR,Athletic Finisher,"1,200",SG,26,-0.21,-2.25,2.04,1.7,"5,390,804.00",-0.98,-2.09,1.11
Jae Crowder,2022-23,MIL,Movement Shooter,340,SF,32,-0.22,-0.56,0.34,0.5,"1,518,125.00",-0.36,-0.64,0.28
Jalen McDaniels,2022-23,CHO/PHI,Stationary Shooter,"1,913",SF,25,-0.22,-0.57,0.34,2.7,"8,539,374.00",-1.74,-2.01,0.27
Tim Hardaway Jr.,2022-23,DAL,Stationary Shooter,"2,152",SG,31,-0.23,0.43,-0.65,3,"9,607,232.00",-0.17,0.94,-1.12
Braxton Key,2022-23,DET,Low Minute,9,SF,26,-0.23,-0.14,-0.09,0,"40,563.00",-0.12,-0.13,0.01
Dennis Smith Jr.,2022-23,CHO,Slasher,"1,390",PG,25,-0.23,-1.87,1.64,1.9,"6,188,772.00",-1.15,-1.56,0.41
Chris Silva,2022-23,DAL,Low Minute,3,PF,26,-0.24,0.1,-0.34,0,"13,368.00",-0.18,0.13,-0.3
Xavier Moon,2022-23,LAC,Low Minute,20,SG,28,-0.25,-0.13,-0.11,0,"86,464.00",-0.26,-0.04,-0.22
Jaylen Nowell,2022-23,MIN,Secondary Ball Handler,"1,252",SG,23,-0.27,0.92,-1.19,1.7,"5,476,419.00",-1.31,0.11,-1.42
Jay Scrubb,2022-23,ORL,Low Minute,30,SG,22,-0.29,-0.32,0.03,0,"130,397.00",-0.12,-0.19,0.07
Isaiah Joe,2022-23,OKC,Movement Shooter,"1,395",SG,23,-0.29,0.48,-0.77,1.9,"6,035,516.00",-0.14,0.58,-0.72
Drew Eubanks,2022-23,POR,Roll + Cut Big,"1,584",C,26,-0.29,-1.2,0.9,2.1,"6,846,305.00",-0.28,-1.54,1.27
Frank Jackson,2022-23,UTA,Low Minute,5,PG,24,-0.29,-0.03,-0.26,0,"21,824.00",-0.26,-0.05,-0.21
Michael Carter-Williams,2022-23,ORL,Low Minute,44,PG,31,-0.3,-0.21,-0.09,0.1,"191,725.00",-0.06,-0.11,0.05
Kyle Kuzma,2022-23,WAS,Secondary Ball Handler,"2,239",PF,27,-0.32,-0.47,0.15,3,"9,551,227.00",-0.35,0.35,-0.7
Omer Yurtseven,2022-23,MIA,Low Minute,83,C,24,-0.33,-0.48,0.15,0.1,"354,163.00",-0.51,-0.74,0.23
Deonte Burton,2022-23,SAC,Low Minute,6,SG,29,-0.33,-0.19,-0.14,0,"27,555.00",-0.34,-0.2,-0.13
Derrick Jones Jr.,2022-23,CHI,Stretch Big,893,SF,26,-0.34,-0.5,0.17,1.2,"3,787,692.00",-0.78,-1.26,0.49
Cole Swider,2022-23,LAL,Low Minute,41,SF,23,-0.34,-0.24,-0.09,0.1,"174,170.00",-0.53,-0.37,-0.16
Trevelin Queen,2022-23,IND,Low Minute,70,SG,26,-0.35,-0.24,-0.11,0.1,"294,929.00",-0.75,-0.38,-0.37
Alex Len,2022-23,SAC,Roll + Cut Big,161,C,29,-0.35,-1.31,0.96,0.2,"678,543.00",-0.71,-1.29,0.57
Jordan Schakel,2022-23,WAS,Low Minute,6,SF,24,-0.35,-0.12,-0.23,0,"26,213.00",-0.39,-0.16,-0.23
Blake Griffin,2022-23,BOS,Stretch Big,569,C,34,-0.38,-1.1,0.72,0.7,"2,356,752.00",-0.45,-0.82,0.37
Carlik Jones,2022-23,CHI,Low Minute,56,PG,25,-0.39,-0.14,-0.25,0.1,"231,293.00",-0.67,-0.3,-0.37
Sterling Brown,2022-23,LAL,Low Minute,24,SG,28,-0.39,-0.32,-0.07,0,"100,506.00",-0.47,-0.33,-0.14
Jason Preston,2022-23,LAC,Secondary Ball Handler,124,PG,23,-0.39,-0.1,-0.29,0.2,"509,839.00",-0.43,-0.21,-0.22
Cameron Payne,2022-23,PHO,Primary Ball Handler,968,PG,28,-0.41,0.29,-0.7,1.2,"3,962,459.00",-0.57,0.2,-0.77
Jaden McDaniels,2022-23,MIN,Stationary Shooter,"2,416",SF,22,-0.41,-1.63,1.22,3.1,"9,881,959.00",-1.03,-1.46,0.43
Marko Simonovic,2022-23,CHI,Low Minute,20,C,23,-0.41,-0.12,-0.29,0,"80,056.00",-0.58,-0.19,-0.38
Josh Minott,2022-23,MIN,Low Minute,96,SF,20,-0.42,-0.25,-0.16,0.1,"391,955.00",-0.62,-0.45,-0.17
Donovan Williams,2022-23,ATL,Low Minute,4,SG,21,-0.42,-0.15,-0.27,0,"17,288.00",-0.52,-0.25,-0.28
Jalen Suggs,2022-23,ORL,Secondary Ball Handler,"1,246",PG,21,-0.42,-0.87,0.45,1.6,"5,058,587.00",-0.63,-0.78,0.15
John Collins,2022-23,ATL,Versatile Big,"2,130",PF,25,-0.42,-0.74,0.31,2.7,"8,644,167.00",0.04,-0.83,0.86
Bogdan Bogdanovic,2022-23,ATL,Secondary Ball Handler,"1,509",SG,30,-0.43,1.37,-1.8,1.9,"6,115,721.00",-0.79,0.29,-1.08
Greg Brown III,2022-23,POR,Low Minute,93,PF,21,-0.43,-0.81,0.38,0.1,"376,533.00",-0.59,-0.8,0.21
Chima Moneke,2022-23,SAC,Low Minute,8,SF,27,-0.44,-0.22,-0.22,0,"31,901.00",-0.34,-0.21,-0.13
Jordan Hall,2022-23,SAS,Low Minute,83,SF,21,-0.44,-0.64,0.2,0.1,"331,996.00",-0.64,-0.54,-0.1
Devon Dotson,2022-23,WAS,Low Minute,53,PG,23,-0.45,-0.41,-0.04,0.1,"213,226.00",-0.56,-0.37,-0.2
Grayson Allen,2022-23,MIL,Movement Shooter,"1,972",SG,27,-0.45,-1.32,0.87,2.5,"7,890,941.00",0.35,-0.15,0.49
Jerami Grant,2022-23,POR,Shot Creator,"2,246",PF,29,-0.45,-0.18,-0.28,2.8,"8,978,636.00",-0.29,0.6,-0.9
Malcolm Hill,2022-23,CHI,Low Minute,9,SF,27,-0.46,-0.11,-0.36,0,"36,299.00",-0.49,-0.12,-0.37
Scotty Pippen Jr.,2022-23,LAL,Low Minute,32,PG,22,-0.46,-0.37,-0.09,0,"125,455.00",-0.46,-0.29,-0.17
Tony Bradley,2022-23,CHI,Low Minute,33,C,25,-0.47,-0.21,-0.26,0,"132,018.00",-0.53,-0.24,-0.3
Thomas Bryant,2022-23,LAL/DEN,Roll + Cut Big,"1,081",C,25,-0.47,-0.09,-0.38,1.3,"4,279,521.00",0.47,-0.08,0.56
Vernon Carey Jr.,2022-23,WAS,Low Minute,28,C,22,-0.48,-0.41,-0.06,0,"112,598.00",-0.41,-0.29,-0.12
Dalano Banton,2022-23,TOR,Secondary Ball Handler,279,PG,23,-0.48,-0.21,-0.27,0.3,"1,098,754.00",-0.42,-0.33,-0.08
Victor Oladipo,2022-23,MIA,Secondary Ball Handler,"1,106",SG,30,-0.48,-1.02,0.54,1.4,"4,354,591.00",-0.84,-1.12,0.28
Dewayne Dedmon,2022-23,MIA/PHI,Roll + Cut Big,426,C,33,-0.49,-1.24,0.76,0.5,"1,673,848.00",0.14,-0.8,0.94
Jalen Williams,2022-23,OKC,Slasher,"2,276",SG,21,-0.49,-0.9,0.41,2.8,"8,913,424.00",-0.13,-0.51,0.38
Deni Avdija,2022-23,WAS,Stationary Shooter,"2,020",SF,22,-0.51,-1.55,1.04,2.5,"7,847,164.00",-0.78,-1.38,0.6
Donte DiVincenzo,2022-23,GSW,Movement Shooter,"1,894",SG,26,-0.52,-1.05,0.54,2.3,"7,328,229.00",0.33,0.02,0.31
Kobi Simmons,2022-23,CHO,Low Minute,28,PG,25,-0.52,-0.44,-0.09,0,"107,193.00",-0.37,-0.31,-0.06
Kenrich Williams,2022-23,OKC,Stretch Big,"1,206",PF,28,-0.53,-0.14,-0.39,1.5,"4,645,091.00",-0.81,-0.61,-0.21
Frank Kaminsky,2022-23,ATL/HOU,Stretch Big,235,C,30,-0.54,-0.57,0.03,0.3,"898,234.00",-0.48,-0.68,0.2
Saddiq Bey,2022-23,DET/ATL,Movement Shooter,"2,129",SF,24,-0.55,1.11,-1.66,2.5,"8,106,507.00",-0.92,0.19,-1.11
Sandro Mamukelashvili,2022-23,MIL/SAS,Stretch Big,661,C,23,-0.55,0.2,-0.75,0.8,"2,515,369.00",-0.53,-0.01,-0.52
Gabe York,2022-23,IND,Low Minute,56,SG,29,-0.55,-0.12,-0.43,0.1,"212,037.00",-0.76,-0.32,-0.44
Leandro Bolmaro,2022-23,UTA,Low Minute,68,SG,22,-0.56,-0.44,-0.12,0.1,"259,016.00",-0.79,-0.57,-0.22
Micah Potter,2022-23,UTA,Low Minute,52,PF,25,-0.56,-0.38,-0.18,0.1,"198,037.00",-0.43,-0.29,-0.14
De'Anthony Melton,2022-23,PHI,Stationary Shooter,"2,150",PG,24,-0.57,-0.95,0.38,2.5,"8,088,239.00",0.77,-0.21,0.98
Malik Monk,2022-23,SAC,Secondary Ball Handler,"1,719",SG,25,-0.58,0.49,-1.06,2,"6,446,098.00",0.4,1.59,-1.19
James Johnson,2022-23,IND,Secondary Ball Handler,162,PF,36,-0.58,-1.09,0.51,0.2,"608,478.00",-1.14,-1.32,0.18
Gary Trent Jr.,2022-23,TOR,Secondary Ball Handler,"2,118",SG,24,-0.58,-0.44,-0.14,2.5,"7,933,707.00",-0.27,0.29,-0.56
Kessler Edwards,2022-23,BRK/SAC,Athletic Finisher,386,SF,22,-0.58,-0.6,0.02,0.5,"1,443,150.00",-1.44,-1.32,-0.11
Miles McBride,2022-23,NYK,Stationary Shooter,760,PG,22,-0.58,-0.66,0.08,0.9,"2,842,665.00",-1.2,-1.09,-0.12
Paolo Banchero,2022-23,ORL,Shot Creator,"2,430",PF,20,-0.58,-0.29,-0.29,2.8,"9,067,106.00",0.26,0.13,0.13
Keon Ellis,2022-23,SAC,Low Minute,71,SG,23,-0.59,-0.49,-0.1,0.1,"264,077.00",-0.48,-0.4,-0.08
Svi Mykhailiuk,2022-23,NYK/CHO,Movement Shooter,468,SF,25,-0.59,0.08,-0.67,0.5,"1,741,767.00",-0.73,0.18,-0.91
Chance Comanche,2022-23,POR,Low Minute,21,,26,-0.59,-0.3,-0.29,0,"77,190.00",-0.37,-0.23,-0.14
Neemias Queta,2022-23,SAC,Low Minute,29,C,23,-0.6,-0.45,-0.15,0,"106,365.00",-0.42,-0.34,-0.08
Isaiah Jackson,2022-23,IND,Roll + Cut Big,"1,042",C,21,-0.61,-1.44,0.82,1.2,"3,828,154.00",0.1,-1.26,1.37
Saben Lee,2022-23,PHI/PHO,Slasher,374,PG,23,-0.62,-0.65,0.03,0.4,"1,365,698.00",-0.74,-0.39,-0.36
Dereon Seabron,2022-23,NOP,Low Minute,12,SG,22,-0.63,-0.22,-0.41,0,"42,203.00",-0.67,-0.31,-0.36
Trevor Keels,2022-23,NYK,Low Minute,8,SG,19,-0.64,-0.39,-0.25,0,"29,154.00",-0.49,-0.32,-0.17
Caris LeVert,2022-23,CLE,Secondary Ball Handler,"2,237",SG,28,-0.64,-0.74,0.1,2.5,"8,117,404.00",-0.08,-0.44,0.37
Naz Reid,2022-23,MIN,Stretch Big,"1,251",C,23,-0.64,-0.59,-0.05,1.4,"4,524,577.00",0.39,0.12,0.27
Grant Williams,2022-23,BOS,Stationary Shooter,"2,045",PF,24,-0.65,-1.47,0.83,2.3,"7,372,354.00",-0.82,-1.26,0.44
Nick Richards,2022-23,CHO,Roll + Cut Big,"1,218",C,25,-0.65,-0.9,0.25,1.4,"4,376,340.00",-0.63,-1.49,0.86
Patrick Baldwin Jr.,2022-23,GSW,Movement Shooter,226,SF,20,-0.65,-0.52,-0.13,0.3,"811,614.00",-0.35,-0.12,-0.23
Lindell Wigginton,2022-23,MIL,Low Minute,87,PG,25,-0.66,-0.33,-0.33,0.1,"310,582.00",-0.57,-0.31,-0.26
Daniel Theis,2022-23,IND,Roll + Cut Big,109,C,31,-0.66,-0.51,-0.15,0.1,"390,021.00",-0.69,-0.45,-0.24
Bruce Brown,2022-23,DEN,Stationary Shooter,"2,280",SG,26,-0.66,-0.81,0.14,2.5,"8,134,778.00",-0.29,-0.62,0.34
Jaylin Williams,2022-23,OKC,Stretch Big,914,PF,20,-0.67,-1.6,0.94,1,"3,261,472.00",-0.43,-1.34,0.92
Ron Harper Jr.,2022-23,TOR,Low Minute,48,SF,22,-0.67,-0.35,-0.32,0.1,"169,302.00",-1.1,-0.61,-0.49
Joshua Primo,2022-23,SAS,Low Minute,93,SG,20,-0.67,-0.74,0.07,0.1,"331,256.00",-0.63,-0.69,0.06
PJ Dozier,2022-23,SAC,Low Minute,79,SG,26,-0.68,-0.53,-0.14,0.1,"280,723.00",-0.39,-0.36,-0.03
Xavier Cooks,2022-23,WAS,Roll + Cut Big,126,PF,27,-0.69,-0.82,0.13,0.1,"442,235.00",-0.95,-0.97,0.02
Kevin Porter Jr.,2022-23,HOU,Shot Creator,"2,024",PG,22,-0.69,0.02,-0.71,2.2,"7,113,992.00",-0.04,0.73,-0.77
Andre Iguodala,2022-23,GSW,Stretch Big,113,SF,39,-0.69,-0.88,0.19,0.1,"395,721.00",-0.61,-0.78,0.16
Edmond Sumner,2022-23,BRK,Secondary Ball Handler,736,SG,27,-0.69,-0.65,-0.05,0.8,"2,583,871.00",-1.59,-0.84,-0.75
Mac McClung,2022-23,PHI,Low Minute,41,SG,24,-0.69,-0.24,-0.46,0,"144,100.00",-0.84,-0.17,-0.67
Devonte' Graham,2022-23,NOP/SAS,Secondary Ball Handler,"1,338",PG,28,-0.7,-0.18,-0.51,1.5,"4,692,066.00",-0.16,0.41,-0.57
Theo Maledon,2022-23,CHO,Secondary Ball Handler,854,PG,21,-0.7,-0.26,-0.44,0.9,"2,985,289.00",-1.04,-1.23,0.2
Landry Shamet,2022-23,PHO,Movement Shooter,807,SG,26,-0.71,-0.51,-0.19,0.9,"2,809,408.00",-0.91,-0.01,-0.91
Jamaree Bouyea,2022-23,MIA/WAS,Low Minute,71,PG,23,-0.71,-0.67,-0.04,0.1,"245,285.00",-0.49,-0.7,0.21
Jevon Carter,2022-23,MIL,Stationary Shooter,"1,812",PG,27,-0.71,-1.59,0.88,2,"6,281,135.00",-0.4,-0.96,0.56
Dru Smith,2022-23,MIA/BRK,Secondary Ball Handler,158,SG,25,-0.72,-0.55,-0.16,0.2,"548,072.00",-0.63,-0.51,-0.12
Aleksej Pokusevski,2022-23,OKC,Stretch Big,701,PF,21,-0.72,-1.67,0.95,0.8,"2,423,879.00",0.15,-0.87,1.02
Olivier Sarr,2022-23,OKC,Roll + Cut Big,114,C,24,-0.73,-0.58,-0.14,0.1,"391,542.00",-0.97,-0.82,-0.15
Jarrett Culver,2022-23,ATL,Athletic Finisher,137,SG,24,-0.73,-0.78,0.04,0.1,"470,222.00",-0.94,-0.9,-0.04
Sam Merrill,2022-23,CLE,Low Minute,59,SG,26,-0.73,-0.25,-0.48,0.1,"200,915.00",-0.77,-0.26,-0.52
Sam Hauser,2022-23,BOS,Movement Shooter,"1,290",PF,25,-0.73,-0.46,-0.27,1.4,"4,425,523.00",-0.28,-0.15,-0.13
Marcus Morris Sr.,2022-23,LAC,Stationary Shooter,"1,825",PF,33,-0.73,-1.25,0.51,2,"6,255,120.00",-0.52,-0.75,0.23
Keegan Murray,2022-23,SAC,Movement Shooter,"2,382",SF,22,-0.74,-0.6,-0.14,2.5,"8,139,794.00",0.37,0.38,0
JaVale McGee,2022-23,DAL,Roll + Cut Big,355,C,35,-0.74,-1.65,0.9,0.4,"1,207,800.00",-0.43,-1.56,1.12
Markelle Fultz,2022-23,ORL,Slasher,"1,778",PG,24,-0.75,-0.9,0.16,1.9,"6,047,271.00",0.29,-0.19,0.47
P.J. Washington,2022-23,CHO,Stationary Shooter,"2,380",PF,24,-0.76,-1.02,0.27,2.5,"8,052,356.00",-1.39,-1.43,0.03
Jeremiah Robinson-Earl,2022-23,OKC,Stretch Big,814,PF,22,-0.76,-0.63,-0.13,0.9,"2,748,264.00",-1.11,-0.66,-0.45
Kenneth Lofton Jr.,2022-23,MEM,Roll + Cut Big,176,PF,20,-0.76,0.22,-0.98,0.2,"592,998.00",-0.63,0.02,-0.65
Deandre Ayton,2022-23,PHO,Post Scorer,"2,036",C,24,-0.76,-1.29,0.52,2.1,"6,851,250.00",0.74,-0.14,0.88
Isaiah Stewart,2022-23,DET,Stretch Big,"1,414",C,21,-0.77,-1.56,0.8,1.5,"4,750,759.00",-0.91,-0.83,-0.08
Garrison Mathews,2022-23,HOU/ATL,Movement Shooter,686,SG,26,-0.77,-1.05,0.28,0.7,"2,304,782.00",-0.87,-0.65,-0.23
Dylan Windler,2022-23,CLE,Low Minute,10,SF,26,-0.77,-0.22,-0.55,0,"34,859.00",-0.82,-0.27,-0.55
Jamal Cain,2022-23,MIA,Stretch Big,240,SF,24,-0.77,-1.12,0.35,0.3,"804,961.00",-0.77,-1.13,0.36
Buddy Boeheim,2022-23,DET,Low Minute,90,PG,23,-0.78,-0.3,-0.47,0.1,"301,395.00",-0.57,-0.41,-0.16
Montrezl Harrell,2022-23,PHI,Post Scorer,681,C,29,-0.78,-0.61,-0.17,0.7,"2,269,529.00",-1.04,-0.75,-0.29
Marvin Bagley III,2022-23,DET,Post Scorer,990,C,24,-0.8,-0.81,0.01,1,"3,255,243.00",-0.89,-0.48,-0.41
Kendall Brown,2022-23,IND,Low Minute,40,SG,19,-0.82,-0.56,-0.26,0,"131,424.00",-0.93,-0.58,-0.34
Xavier Sneed,2022-23,CHO,Low Minute,48,SF,25,-0.82,-0.71,-0.11,0,"157,239.00",-0.58,-0.53,-0.05
Dennis Schroder,2022-23,LAL,Primary Ball Handler,"1,986",PG,29,-0.83,-0.26,-0.57,2,"6,411,981.00",-0.91,-0.51,-0.4
Isaiah Mobley,2022-23,CLE,Low Minute,84,PF,23,-0.84,-0.59,-0.25,0.1,"270,809.00",-0.92,-0.63,-0.3
Oshae Brissett,2022-23,IND,Athletic Finisher,"1,083",SF,24,-0.84,-0.29,-0.55,1.1,"3,470,443.00",-1.68,-1.01,-0.67
Udonis Haslem,2022-23,MIA,Low Minute,72,C,42,-0.84,-0.85,0.01,0.1,"231,130.00",-0.57,-0.68,0.11
Isaiah Todd,2022-23,WAS,Low Minute,61,PF,21,-0.84,-0.63,-0.22,0.1,"196,688.00",-0.66,-0.45,-0.21
Tyrese Martin,2022-23,ATL,Low Minute,66,SG,24,-0.85,-0.39,-0.46,0.1,"208,540.00",-0.91,-0.54,-0.37
Ricky Rubio,2022-23,CLE,Secondary Ball Handler,566,PG,32,-0.86,-0.87,0.01,0.6,"1,797,096.00",-0.21,-0.28,0.07
Duncan Robinson,2022-23,MIA,Movement Shooter,690,SF,28,-0.86,-0.12,-0.75,0.7,"2,182,872.00",-1.62,-0.85,-0.77
Royce O'Neale,2022-23,BRK,Stationary Shooter,"2,409",SF,29,-0.87,-1.3,0.44,2.4,"7,612,201.00",-1.08,-1.33,0.25
Terance Mann,2022-23,LAC,Stationary Shooter,"1,872",SG,26,-0.88,-0.06,-0.81,1.8,"5,871,039.00",-1.12,-0.76,-0.36
Justin Champagnie,2022-23,TOR/BOS,Low Minute,34,SF,21,-0.88,-0.23,-0.65,0,"107,247.00",-0.85,-0.33,-0.51
Kira Lewis Jr.,2022-23,NOP,Secondary Ball Handler,235,PG,22,-0.88,-0.37,-0.51,0.2,"733,727.00",-1,-0.77,-0.23
Nickeil Alexander-Walker,2022-23,UTA/MIN,Secondary Ball Handler,884,SG,24,-0.89,-0.84,-0.05,0.9,"2,754,312.00",-1.12,-0.84,-0.27
Justin Minaya,2022-23,POR,Low Minute,89,SF,24,-0.89,-0.74,-0.15,0.1,"275,771.00",-0.68,-0.76,0.08
Quenton Jackson,2022-23,WAS,Slasher,135,PG,24,-0.89,-0.66,-0.23,0.1,"417,374.00",-0.81,-0.5,-0.32
Anthony Gill,2022-23,WAS,Athletic Finisher,625,PF,30,-0.9,-0.75,-0.15,0.6,"1,930,642.00",-2.12,-1.8,-0.32
Aaron Holiday,2022-23,ATL,Secondary Ball Handler,845,PG,26,-0.91,-1.32,0.42,0.8,"2,598,518.00",-2.31,-2.02,-0.29
Ish Wainright,2022-23,PHO,Stationary Shooter,915,SF,28,-0.91,-1.01,0.1,0.9,"2,805,573.00",-1.24,-1.7,0.46
Michael Foster Jr.,2022-23,PHI,Low Minute,1,PF,20,-0.94,-0.3,-0.64,0,"3,108.00",-0.91,-0.28,-0.63
Jacob Gilyard,2022-23,MEM,Low Minute,41,PG,24,-0.94,-0.49,-0.46,0,"122,496.00",-0.93,-0.55,-0.39
Gorgui Dieng,2022-23,SAS,Stretch Big,358,C,33,-0.94,-1.24,0.3,0.3,"1,075,068.00",-0.62,-1.03,0.41
Naji Marshall,2022-23,NOP,Stationary Shooter,"1,792",SF,25,-0.96,-0.34,-0.62,1.7,"5,329,601.00",-1.07,-0.98,-0.09
RaiQuan Gray,2022-23,BRK,Low Minute,35,PF,23,-0.97,-0.28,-0.68,0,"103,760.00",-0.93,-0.25,-0.68
Jaden Springer,2022-23,PHI,Low Minute,89,SG,20,-0.97,-0.51,-0.46,0.1,"263,559.00",-1.08,-0.6,-0.47
Nikola Jovic,2022-23,MIA,Stretch Big,204,PF,19,-0.97,-0.84,-0.13,0.2,"602,670.00",-0.81,-0.91,0.1
Jack White,2022-23,DEN,Low Minute,66,SF,25,-0.97,-0.61,-0.36,0.1,"194,368.00",-1.01,-0.6,-0.4
Alondes Williams,2022-23,BRK,Low Minute,5,SG,23,-0.98,-0.25,-0.73,0,"15,422.00",-0.94,-0.24,-0.7
Bones Hyland,2022-23,DEN/LAC,Secondary Ball Handler,"1,086",PG,22,-0.99,0.86,-1.85,1,"3,151,433.00",0.09,1.27,-1.18
Udoka Azubuike,2022-23,UTA,Roll + Cut Big,359,C,23,-0.99,-2.21,1.21,0.3,"1,039,579.00",-0.9,-2.11,1.21
Anfernee Simons,2022-23,POR,Primary Ball Handler,"2,171",SG,23,-1.01,0.4,-1.4,2,"6,243,339.00",-0.79,1.26,-2.05
Bol Bol,2022-23,ORL,Athletic Finisher,"1,505",PF,23,-1.01,-2.17,1.16,1.4,"4,314,264.00",-0.5,-1.98,1.48
Louis King,2022-23,PHI,Low Minute,29,SF,24,-1.02,-0.32,-0.7,0,"82,241.00",-1,-0.33,-0.67
Caleb Martin,2022-23,MIA,Movement Shooter,"2,078",PF,27,-1.02,-1.56,0.54,1.9,"5,927,503.00",-0.92,-1.67,0.75
A.J. Lawson,2022-23,MIN/DAL,Athletic Finisher,108,SG,22,-1.03,-0.24,-0.79,0.1,"306,244.00",-0.65,-0.17,-0.48
Nerlens Noel,2022-23,DET/BRK,Roll + Cut Big,195,C,29,-1.03,-1.76,0.73,0.2,"548,996.00",-0.58,-1.27,0.7
Ty Jerome,2022-23,GSW,Secondary Ball Handler,816,SG,25,-1.03,-0.4,-0.63,0.7,"2,299,189.00",-0.7,-0.44,-0.26
Zach Collins,2022-23,SAS,Post Scorer,"1,441",C,25,-1.03,-1.12,0.08,1.3,"4,057,463.00",-1.67,-1.24,-0.42
Ryan Arcidiacono,2022-23,NYK/POR,Secondary Ball Handler,172,PG,29,-1.04,-1.36,0.32,0.2,"482,654.00",-1.04,-0.91,-0.13
Jalen Green,2022-23,HOU,Primary Ball Handler,"2,602",SG,21,-1.05,0.76,-1.8,2.3,"7,261,644.00",-1.43,0.52,-1.95
Keita Bates-Diop,2022-23,SAS,Stretch Big,"1,452",SF,27,-1.05,-0.81,-0.24,1.3,"4,050,091.00",-1.77,-0.92,-0.85
Keldon Johnson,2022-23,SAS,Secondary Ball Handler,"2,063",SF,23,-1.05,0.46,-1.51,1.8,"5,748,126.00",-1.82,0.24,-2.06
Dario Saric,2022-23,PHO/OKC,Stretch Big,806,PF,29,-1.05,-0.84,-0.21,0.7,"2,244,840.00",-0.89,-0.68,-0.21
Jeremy Sochan,2022-23,SAS,Athletic Finisher,"1,458",PF,19,-1.05,-1.15,0.1,1.3,"4,057,890.00",-2.45,-1.73,-0.71
Rudy Gay,2022-23,UTA,Stationary Shooter,816,PF,36,-1.05,-1.41,0.36,0.7,"2,266,659.00",-1.3,-1.15,-0.15
Jeenathan Williams,2022-23,POR,Athletic Finisher,127,SG,24,-1.06,-0.49,-0.56,0.1,"350,795.00",-0.9,-0.67,-0.24
Precious Achiuwa,2022-23,TOR,Athletic Finisher,"1,140",C,23,-1.06,-0.65,-0.41,1,"3,156,483.00",-0.9,-0.98,0.09
Mfiondu Kabengele,2022-23,BOS,Low Minute,36,PF,25,-1.07,-0.51,-0.56,0,"99,988.00",-0.93,-0.43,-0.51
Day'Ron Sharpe,2022-23,BRK,Roll + Cut Big,553,C,21,-1.08,-0.71,-0.37,0.5,"1,500,577.00",-0.99,-1.1,0.1
George Hill,2022-23,MIL/IND,Secondary Ball Handler,833,PG,36,-1.09,-1.16,0.07,0.7,"2,246,632.00",-1.39,-1.25,-0.14
Trey Murphy III,2022-23,NOP,Stationary Shooter,"2,448",SF,22,-1.1,-0.85,-0.25,2.1,"6,561,467.00",0.61,0.18,0.43
Ochai Agbaji,2022-23,UTA,Movement Shooter,"1,209",SG,22,-1.11,0.37,-1.48,1,"3,225,202.00",-2.32,-0.94,-1.38
Ryan Rollins,2022-23,GSW,Low Minute,62,PG,20,-1.11,-0.81,-0.3,0.1,"165,442.00",-0.64,-0.48,-0.15
Joe Wieskamp,2022-23,TOR,Low Minute,50,SF,23,-1.12,-0.89,-0.23,0,"130,798.00",-1.24,-0.75,-0.49
Jordan Clarkson,2022-23,UTA,Secondary Ball Handler,"1,988",SG,30,-1.13,1.08,-2.21,1.6,"5,232,259.00",-0.68,1.24,-1.92
Darius Bazley,2022-23,OKC/PHO,Athletic Finisher,616,PF,22,-1.13,-2,0.87,0.5,"1,617,285.00",-0.39,-1.4,1.01
JD Davison,2022-23,BOS,Low Minute,66,PG,20,-1.13,-0.54,-0.59,0.1,"171,841.00",-0.86,-0.44,-0.42
Joe Ingles,2022-23,MIL,Secondary Ball Handler,"1,044",SF,35,-1.15,-0.75,-0.39,0.8,"2,705,584.00",-1.05,-1.14,0.1
Terry Taylor,2022-23,IND/CHI,Athletic Finisher,263,PF,23,-1.16,-0.73,-0.43,0.2,"674,880.00",-2.18,-1.4,-0.78
Josh Giddey,2022-23,OKC,Slasher,"2,367",SG,20,-1.17,-0.55,-0.62,1.9,"6,032,901.00",0.23,0.36,-0.14
Eric Gordon,2022-23,HOU/LAC,Secondary Ball Handler,"1,965",SG,34,-1.17,-0.57,-0.6,1.6,"4,996,960.00",-1.41,-0.64,-0.77
Kenyon Martin Jr.,2022-23,HOU,Stretch Big,"2,292",SF,22,-1.17,0.36,-1.53,1.8,"5,819,966.00",-1.86,-0.78,-1.08
Patrick Beverley,2022-23,LAL/CHI,Stationary Shooter,"1,817",PG,34,-1.17,-2.19,1.02,1.4,"4,607,366.00",-0.34,-1.58,1.24
Moussa Diabate,2022-23,LAC,Roll + Cut Big,195,PF,21,-1.19,-1.11,-0.08,0.2,"490,777.00",-1.32,-1.11,-0.21
AJ Griffin,2022-23,ATL,Off Screen Shooter,"1,401",SF,19,-1.2,-0.23,-0.97,1.1,"3,464,863.00",-1.79,-0.6,-1.19
Jared Butler,2022-23,OKC,Low Minute,77,SG,22,-1.21,-0.49,-0.72,0.1,"188,050.00",-0.89,-0.43,-0.46
Luke Kornet,2022-23,BOS,Roll + Cut Big,804,C,27,-1.22,-1.3,0.08,0.6,"1,968,001.00",-0.5,-1.22,0.72
Eugene Omoruyi,2022-23,OKC/DET,Stretch Big,645,SF,26,-1.22,-0.34,-0.88,0.5,"1,575,555.00",-1.35,-0.72,-0.63
Kennedy Chandler,2022-23,MEM,Secondary Ball Handler,281,PG,20,-1.22,-0.93,-0.3,0.2,"685,988.00",-1.23,-0.98,-0.25
Meyers Leonard,2022-23,MIL,Stretch Big,114,C,31,-1.23,-0.87,-0.36,0.1,"275,353.00",-0.93,-0.77,-0.17
Jalen Duren,2022-23,DET,Roll + Cut Big,"1,670",C,19,-1.23,-0.91,-0.32,1.3,"4,031,774.00",-1.36,-1.5,0.14
Anthony Lamb,2022-23,GSW,Athletic Finisher,"1,195",SF,25,-1.24,-1.22,-0.03,0.9,"2,865,431.00",-1.2,-1.24,0.05
Ousmane Dieng,2022-23,OKC,Stationary Shooter,569,SF,19,-1.25,-1.02,-0.22,0.4,"1,356,303.00",-1.61,-1.28,-0.34
Devin Vassell,2022-23,SAS,Secondary Ball Handler,"1,178",SG,22,-1.26,-0.46,-0.79,0.9,"2,781,518.00",-0.47,0.33,-0.8
Aaron Wiggins,2022-23,OKC,Stretch Big,"1,297",SG,24,-1.26,-1.08,-0.18,1,"3,056,857.00",-2.01,-1.52,-0.49
Vit Krejci,2022-23,ATL,Athletic Finisher,165,PG,22,-1.27,-1,-0.27,0.1,"387,342.00",-1.28,-1.15,-0.13
Raul Neto,2022-23,CLE,Secondary Ball Handler,505,PG,30,-1.27,-0.95,-0.32,0.4,"1,181,193.00",-1.45,-1.14,-0.31
Rodney McGruder,2022-23,DET,Movement Shooter,524,SG,31,-1.28,-0.79,-0.49,0.4,"1,217,611.00",-1.58,-0.91,-0.67
Taj Gibson,2022-23,WAS,Roll + Cut Big,480,C,37,-1.28,-1.79,0.51,0.3,"1,114,572.00",-1.6,-2.01,0.41
Wendell Moore Jr.,2022-23,MIN,Movement Shooter,153,SG,21,-1.28,-0.65,-0.63,0.1,"353,064.00",-1.03,-0.78,-0.25
Jaxson Hayes,2022-23,NOP,Roll + Cut Big,610,C,22,-1.29,-1.81,0.51,0.4,"1,398,496.00",-0.72,-1.34,0.63
Serge Ibaka,2022-23,MIL,Stretch Big,185,C,33,-1.29,-1.59,0.3,0.1,"424,672.00",-1.25,-1.37,0.13
Luke Kennard,2022-23,LAC/MEM,Off Screen Shooter,"1,315",SG,26,-1.3,-0.47,-0.83,0.9,"3,003,258.00",-1.48,-0.72,-0.76
Evan Fournier,2022-23,NYK,Movement Shooter,459,SG,30,-1.31,-0.82,-0.49,0.3,"1,035,815.00",-1.38,-0.85,-0.52
Isaac Okoro,2022-23,CLE,Stationary Shooter,"1,652",SF,22,-1.31,-1.97,0.66,1.2,"3,719,801.00",-0.91,-1.66,0.75
Peyton Watson,2022-23,DEN,Athletic Finisher,186,SG,20,-1.32,-1.04,-0.27,0.1,"418,047.00",-1.13,-1.21,0.08
Brandon Boston Jr.,2022-23,LAC,Secondary Ball Handler,248,SG,21,-1.32,-0.49,-0.83,0.2,"555,928.00",-1.1,-0.36,-0.74
RJ Barrett,2022-23,NYK,Secondary Ball Handler,"2,475",SG,22,-1.32,0.01,-1.33,1.7,"5,536,856.00",-0.38,0.31,-0.69
Jae'Sean Tate,2022-23,HOU,Athletic Finisher,678,SF,27,-1.33,-1.41,0.07,0.5,"1,499,378.00",-1.38,-1.27,-0.11
Gabe Vincent,2022-23,MIA,Stationary Shooter,"1,759",PG,26,-1.34,-1.09,-0.24,1.2,"3,869,560.00",-1.68,-1.44,-0.24
Julian Champagnie,2022-23,PHI/SAS,Movement Shooter,320,SF,21,-1.35,-0.21,-1.15,0.2,"695,082.00",-1.03,-0.47,-0.56
Danny Green,2022-23,MEM/CLE,Off Screen Shooter,139,SG,35,-1.35,-0.74,-0.62,0.1,"300,688.00",-1.08,-0.55,-0.53
Dean Wade,2022-23,CLE,Stationary Shooter,891,PF,26,-1.36,-2.82,1.46,0.6,"1,925,314.00",-1.26,-2.26,1
T.J. Warren,2022-23,BRK/PHO,Athletic Finisher,687,SF,29,-1.37,-0.52,-0.86,0.5,"1,461,376.00",-1.64,-1.12,-0.52
John Wall,2022-23,LAC,Shot Creator,755,PG,32,-1.38,-0.64,-0.74,0.5,"1,604,269.00",0.04,0.65,-0.61
Matthew Dellavedova,2022-23,SAC,Secondary Ball Handler,213,PG,32,-1.38,-1.31,-0.07,0.1,"452,022.00",-1.19,-0.99,-0.19
Torrey Craig,2022-23,PHO,Athletic Finisher,"1,948",SF,32,-1.38,-1.78,0.4,1.3,"4,129,993.00",-0.88,-1.7,0.83
Kelly Oubre Jr.,2022-23,CHO,Stationary Shooter,"1,548",SF,27,-1.38,-0.45,-0.93,1,"3,263,233.00",-0.56,0.04,-0.6
Stanley Johnson,2022-23,SAS,Stationary Shooter,469,SF,26,-1.41,-1.03,-0.38,0.3,"966,775.00",-1.43,-1.53,0.09
Chris Duarte,2022-23,IND,Secondary Ball Handler,897,SF,25,-1.41,-0.52,-0.89,0.6,"1,845,034.00",-2.33,-1.19,-1.15
Vince Williams Jr.,2022-23,MEM,Movement Shooter,105,SG,22,-1.42,-0.86,-0.57,0.1,"212,339.00",-1.2,-0.74,-0.46
Shake Milton,2022-23,PHI,Slasher,"1,567",SG,26,-1.45,-0.1,-1.35,1,"3,095,336.00",-1.73,-0.76,-0.98
Damion Lee,2022-23,PHO,Movement Shooter,"1,506",SG,30,-1.46,-1.53,0.08,0.9,"2,956,668.00",-2.02,-1.42,-0.6
Jarred Vanderbilt,2022-23,UTA/LAL,Roll + Cut Big,"1,880",PF,24,-1.47,-1.31,-0.16,1.1,"3,652,403.00",0.4,-0.67,1.06
Pat Connaughton,2022-23,MIL,Stationary Shooter,"1,443",SG,30,-1.47,-0.74,-0.73,0.9,"2,791,919.00",-0.37,-0.77,0.4
Theo Pinson,2022-23,DAL,Stationary Shooter,323,SG,27,-1.48,-0.26,-1.22,0.2,"619,059.00",-0.51,-0.25,-0.26
Jordan Poole,2022-23,GSW,Primary Ball Handler,"2,458",PG,23,-1.48,-0.38,-1.1,1.5,"4,701,561.00",0.04,1.37,-1.33
Norman Powell,2022-23,LAC,Secondary Ball Handler,"1,567",SG,29,-1.49,-0.3,-1.19,0.9,"2,976,542.00",-0.31,0.59,-0.9
Nathan Knight,2022-23,MIN,Athletic Finisher,291,PF,25,-1.49,-0.98,-0.5,0.2,"551,641.00",-1.61,-1.18,-0.43
Cody Martin,2022-23,CHO,Secondary Ball Handler,134,SF,27,-1.49,-0.97,-0.52,0.1,"252,203.00",-0.92,-0.85,-0.08
Trendon Watford,2022-23,POR,Athletic Finisher,"1,182",PF,22,-1.5,-0.86,-0.64,0.7,"2,226,196.00",-1.64,-1.45,-0.19
Matt Ryan,2022-23,LAL/MIN,Off Screen Shooter,310,SF,25,-1.52,-0.25,-1.27,0.2,"570,518.00",-1.19,-0.28,-0.91
Gordon Hayward,2022-23,CHO,Secondary Ball Handler,"1,577",SF,33,-1.52,-1.25,-0.27,0.9,"2,891,564.00",-1.47,-1.03,-0.44
Johnny Juzang,2022-23,UTA,Movement Shooter,232,SF,22,-1.53,-0.9,-0.63,0.1,"422,723.00",-1.19,-0.62,-0.58
JaMychal Green,2022-23,GSW,Stretch Big,797,PF,32,-1.53,-1.49,-0.03,0.5,"1,449,204.00",-0.44,-0.61,0.17
Jeff Dowtin Jr.,2022-23,TOR,Shot Creator,259,PG,25,-1.53,-1.05,-0.49,0.1,"468,536.00",-1.7,-1.27,-0.43
Garrett Temple,2022-23,NOP,Movement Shooter,162,SG,36,-1.55,-1.3,-0.25,0.1,"286,830.00",-1.32,-1.07,-0.25
Josh Green,2022-23,DAL,Stationary Shooter,"1,539",SG,22,-1.55,-1.07,-0.48,0.9,"2,722,487.00",-2.17,-1.25,-0.92
Isaiah Roby,2022-23,SAS,Stationary Shooter,474,PF,25,-1.56,-1.75,0.19,0.3,"830,278.00",-1.78,-1.99,0.22
Davis Bertans,2022-23,DAL,Movement Shooter,492,PF,30,-1.57,-0.28,-1.28,0.3,"854,527.00",-0.87,-0.06,-0.81
Justise Winslow,2022-23,POR,Athletic Finisher,776,SF,27,-1.58,-2.25,0.67,0.4,"1,336,127.00",-1.93,-1.97,0.04
KZ Okpala,2022-23,SAC,Stationary Shooter,248,PF,23,-1.58,-2.55,0.97,0.1,"425,695.00",-1.94,-2.48,0.53
Usman Garuba,2022-23,HOU,Stretch Big,970,PF,21,-1.58,-2.16,0.58,0.5,"1,653,727.00",-0.89,-1.99,1.1
Markieff Morris,2022-23,BRK/DAL,Stationary Shooter,355,PF,33,-1.62,-1.22,-0.39,0.2,"582,231.00",-1.36,-0.95,-0.41
Gary Harris,2022-23,ORL,Movement Shooter,"1,184",SG,28,-1.63,-1.26,-0.37,0.6,"1,916,083.00",-0.97,-1.17,0.2
Kai Jones,2022-23,CHO,Athletic Finisher,550,C,22,-1.63,-3.14,1.51,0.3,"888,804.00",-2.19,-3.46,1.28
Malachi Flynn,2022-23,TOR,Secondary Ball Handler,691,PG,24,-1.63,-0.54,-1.1,0.3,"1,109,776.00",-2.17,-1.28,-0.9
Moses Moody,2022-23,GSW,Stationary Shooter,817,SG,20,-1.64,-1.01,-0.63,0.4,"1,302,339.00",-1.78,-1.14,-0.64
Justin Jackson,2022-23,BOS,Off Screen Shooter,107,SF,28,-1.64,-1.13,-0.51,0.1,"170,146.00",-0.93,-0.7,-0.23
Yuta Watanabe,2022-23,BRK,Stationary Shooter,928,SF,28,-1.65,-1,-0.65,0.5,"1,459,717.00",-1.83,-1.48,-0.35
Admiral Schofield,2022-23,ORL,Athletic Finisher,451,PF,26,-1.65,-1.44,-0.22,0.2,"707,943.00",-1.88,-1.45,-0.43
Haywood Highsmith,2022-23,MIA,Stretch Big,969,SF,26,-1.69,-2.5,0.81,0.5,"1,449,010.00",-1.95,-2.59,0.64
Joe Harris,2022-23,BRK,Movement Shooter,"1,527",SG,31,-1.7,-0.38,-1.33,0.7,"2,232,040.00",-1.85,-0.9,-0.94
Josh Richardson,2022-23,SAS/NOP,Movement Shooter,"1,530",SG,29,-1.71,-1.42,-0.3,0.7,"2,208,614.00",-1.48,-0.73,-0.75
De'Andre Hunter,2022-23,ATL,Stationary Shooter,"2,126",SF,25,-1.71,-1.24,-0.47,1,"3,067,833.00",-1.45,-0.83,-0.62
Max Strus,2022-23,MIA,Movement Shooter,"2,272",SF,27,-1.72,-0.98,-0.73,1,"3,266,979.00",-1.13,-0.54,-0.58
Tre Mann,2022-23,OKC,Secondary Ball Handler,"1,183",PG,22,-1.74,-1.15,-0.59,0.5,"1,649,727.00",-1.63,-0.86,-0.78
Mamadi Diakite,2022-23,CLE,Stretch Big,176,PF,26,-1.74,-1.7,-0.05,0.1,"243,361.00",-1.63,-1.58,-0.05
Rui Hachimura,2022-23,WAS/LAL,Athletic Finisher,"1,466",PF,25,-1.74,-1.74,0,0.6,"2,024,307.00",-1.57,-1.07,-0.5
John Butler Jr.,2022-23,POR,Movement Shooter,221,C,20,-1.75,-1.79,0.04,0.1,"304,010.00",-1.38,-1.65,0.27
Otto Porter Jr.,2022-23,TOR,Stretch Big,146,SF,29,-1.76,-1.22,-0.54,0.1,"196,215.00",-1.54,-1.24,-0.3
Khem Birch,2022-23,TOR,Roll + Cut Big,162,C,30,-1.77,-2.08,0.32,0.1,"216,041.00",-2.11,-2.04,-0.08
Collin Sexton,2022-23,UTA,Slasher,"1,145",SG,24,-1.77,0.12,-1.89,0.5,"1,523,973.00",-1.4,0.19,-1.59
Jonathan Kuminga,2022-23,GSW,Athletic Finisher,"1,394",PF,20,-1.78,-1.72,-0.05,0.6,"1,835,165.00",-1.05,-0.93,-0.11
Davion Mitchell,2022-23,SAC,Stationary Shooter,"1,447",PG,24,-1.78,-1.37,-0.41,0.6,"1,895,060.00",-1.57,-1.04,-0.52
Dominick Barlow,2022-23,SAS,Roll + Cut Big,408,SF,19,-1.78,-2.13,0.34,0.2,"530,322.00",-1.67,-2.31,0.65
Wesley Matthews,2022-23,MIL,Movement Shooter,821,SG,36,-1.8,-1.81,0.01,0.3,"1,037,831.00",-2.07,-2.16,0.09
Jared Rhoden,2022-23,DET,Athletic Finisher,198,SG,23,-1.82,-1.49,-0.33,0.1,"243,585.00",-1.54,-1.57,0.03
Dyson Daniels,2022-23,NOP,Stationary Shooter,"1,042",PG,20,-1.82,-2.76,0.94,0.4,"1,279,250.00",-1.61,-2.26,0.66
Troy Brown Jr.,2022-23,LAL,Stationary Shooter,"1,860",SF,23,-1.86,-1.28,-0.59,0.7,"2,129,704.00",-1.44,-1.72,0.28
Reggie Jackson,2022-23,LAC/DEN,Secondary Ball Handler,"1,657",PG,32,-1.87,-1.41,-0.46,0.6,"1,859,773.00",-1.66,-0.68,-0.99
Aaron Nesmith,2022-23,IND,Stationary Shooter,"1,816",SF,23,-1.89,-1.45,-0.43,0.6,"1,988,012.00",-1.74,-1.31,-0.44
Taurean Prince,2022-23,MIN,Movement Shooter,"1,192",SF,29,-1.9,-1.58,-0.32,0.4,"1,270,631.00",-2.48,-1.59,-0.89
DeAndre Jordan,2022-23,DEN,Roll + Cut Big,586,C,34,-1.9,-2.63,0.73,0.2,"621,836.00",-1.24,-2.41,1.16
Cory Joseph,2022-23,DET,Primary Ball Handler,"1,227",PG,31,-1.9,-0.49,-1.41,0.4,"1,301,489.00",-1.6,-0.54,-1.06
Duane Washington Jr.,2022-23,PHO,Secondary Ball Handler,394,SG,23,-1.92,-0.24,-1.68,0.1,"401,013.00",-1.67,0.28,-1.95
Chuma Okeke,2022-23,ORL,Movement Shooter,518,SF,24,-1.95,-1.46,-0.5,0.2,"498,645.00",-0.64,-1.12,0.48
Romeo Langford,2022-23,SAS,Athletic Finisher,844,SG,23,-1.96,-1.51,-0.45,0.3,"800,837.00",-3.05,-2.07,-0.97
Thaddeus Young,2022-23,TOR,Roll + Cut Big,795,PF,34,-1.97,-1.5,-0.47,0.2,"741,705.00",-1.41,-1.62,0.21
Jaden Hardy,2022-23,DAL,Secondary Ball Handler,708,SG,20,-2,-0.13,-1.86,0.2,"618,289.00",-0.87,0.4,-1.27
Malik Beasley,2022-23,UTA/LAL,Off Screen Shooter,"2,093",SG,26,-2,-0.32,-1.68,0.6,"1,822,101.00",-0.92,0.35,-1.28
Kevon Harris,2022-23,ORL,Athletic Finisher,457,SG,25,-2.04,-2.05,0.01,0.1,"357,612.00",-2.24,-2.21,-0.03
Cam Thomas,2022-23,BRK,Shot Creator,948,SG,21,-2.05,-0.34,-1.71,0.2,"723,831.00",-1.61,0.18,-1.79
Noah Vonleh,2022-23,BOS,Athletic Finisher,172,C,27,-2.1,-2.26,0.16,0,"115,123.00",-1.92,-2.04,0.12
Jericho Sims,2022-23,NYK,Roll + Cut Big,812,C,24,-2.14,-2.83,0.69,0.1,"475,985.00",-1.61,-2.46,0.85
Terrence Ross,2022-23,ORL/PHO,Movement Shooter,"1,330",SG,32,-2.16,-0.19,-1.98,0.2,"718,694.00",-1.62,-1.01,-0.61
Johnny Davis,2022-23,WAS,Stationary Shooter,423,SG,21,-2.18,-1.66,-0.53,0.1,"210,202.00",-1.69,-1.42,-0.27
Kendrick Nunn,2022-23,LAL/WAS,Secondary Ball Handler,963,PG,27,-2.21,-0.89,-1.32,0.1,"436,946.00",-1.92,-0.68,-1.23
Derrick Rose,2022-23,NYK,Secondary Ball Handler,338,PG,34,-2.22,-1.1,-1.12,0,"141,167.00",-1.64,-0.57,-1.07
Frank Ntilikina,2022-23,DAL,Stationary Shooter,607,PG,24,-2.24,-1.87,-0.37,0.1,"231,629.00",-2.33,-2.13,-0.2
Ayo Dosunmu,2022-23,CHI,Stationary Shooter,"2,098",SG,23,-2.25,-2.53,0.29,0.2,"781,359.00",-1.76,-1.96,0.21
AJ Green,2022-23,MIL,Movement Shooter,345,SG,23,-2.26,-0.66,-1.6,0,"121,468.00",-0.97,-0.02,-0.95
Juan Toscano-Anderson,2022-23,LAL/UTA,Athletic Finisher,700,SF,30,-2.26,-2.44,0.18,0.1,"243,236.00",-2.34,-2.61,0.28
Bryn Forbes,2022-23,MIN,Off Screen Shooter,268,SG,29,-2.27,-0.9,-1.37,0,"87,837.00",-2.4,-1.11,-1.29
McKinley Wright IV,2022-23,DAL,Slasher,335,PG,24,-2.27,-1.05,-1.23,0,"106,511.00",-0.88,-0.57,-0.31
Keon Johnson,2022-23,POR,Secondary Ball Handler,416,SG,21,-2.28,-1.04,-1.24,0,"129,438.00",-1.77,-0.86,-0.91
Shaedon Sharpe,2022-23,POR,Movement Shooter,"1,779",SG,19,-2.3,-0.81,-1.49,0.1,"467,564.00",-2.63,-1.06,-1.57
Lamar Stevens,2022-23,CLE,Athletic Finisher,"1,120",PF,25,-2.31,-1.88,-0.43,0.1,"279,717.00",-1.7,-2.09,0.39
Payton Pritchard,2022-23,BOS,Movement Shooter,643,PG,25,-2.31,-0.97,-1.34,0,"158,971.00",-1.75,-0.2,-1.55
Thanasis Antetokounmpo,2022-23,MIL,Athletic Finisher,206,SF,30,-2.31,-1.98,-0.33,0,"48,885.00",-1.58,-1.56,-0.03
Maxi Kleber,2022-23,DAL,Stationary Shooter,930,C,31,-2.33,-2.4,0.07,0.1,"191,548.00",-1.81,-1.97,0.16
Damian Jones,2022-23,LAL/UTA,Roll + Cut Big,477,C,27,-2.34,-2.51,0.17,0,"85,570.00",-1.49,-1.95,0.46
Nassir Little,2022-23,POR,Stationary Shooter,976,SF,23,-2.35,-1.37,-0.98,0.1,"164,353.00",-2.01,-1.38,-0.63
Kevin Knox II,2022-23,DET/POR,Stationary Shooter,952,SF,23,-2.37,-2,-0.37,0,"121,143.00",-1.88,-1.44,-0.44
P.J. Tucker,2022-23,PHI,Stretch Big,"1,920",PF,37,-2.4,-2.9,0.5,0,"132,576.00",-2.42,-2.8,0.38
James Wiseman,2022-23,GSW/DET,Post Scorer,867,C,22,-2.41,-2.01,-0.4,0,"39,960.00",-0.78,-1.05,0.27
Seth Curry,2022-23,BRK,Secondary Ball Handler,"1,211",SG,32,-2.43,-1.18,-1.24,0,"11,314.00",-2.16,-0.76,-1.41
Isaiah Livers,2022-23,DET,Stationary Shooter,"1,199",PF,24,-2.44,-2.11,-0.32,0,"-5,501.00",-2.54,-2.25,-0.29
Daishen Nix,2022-23,HOU,Secondary Ball Handler,914,PG,21,-2.45,-1.5,-0.95,0,"-36,511.00",-2.84,-2.35,-0.49
Ish Smith,2022-23,DEN,Slasher,398,PG,34,-2.48,-2.24,-0.24,0,"-33,650.00",-2.64,-2.25,-0.38
Andrew Nembhard,2022-23,IND,Primary Ball Handler,"2,074",SG,23,-2.49,-1.58,-0.91,-0.1,"-253,596.00",-2.3,-1.31,-1
Juancho Hernangomez,2022-23,TOR,Stretch Big,614,PF,27,-2.5,-1.95,-0.55,0,"-79,499.00",-2.55,-2.62,0.07
Patty Mills,2022-23,BRK,Movement Shooter,567,PG,34,-2.5,-0.38,-2.12,0,"-75,958.00",-2.11,-0.39,-1.73
Jabari Smith Jr.,2022-23,HOU,Stationary Shooter,"2,451",PF,19,-2.52,-1.82,-0.7,-0.1,"-431,803.00",-1.47,-1.44,-0.03
Caleb Houstan,2022-23,ORL,Stationary Shooter,812,SF,20,-2.52,-1.49,-1.04,0,"-145,760.00",-2.76,-2.11,-0.65
David Duke Jr.,2022-23,BRK,Slasher,228,SG,23,-2.54,-1.82,-0.72,0,"-47,353.00",-2.45,-1.57,-0.88
Max Christie,2022-23,LAL,Stationary Shooter,512,SG,20,-2.54,-2.62,0.07,0,"-113,076.00",-2.47,-2.63,0.16
Danuel House Jr.,2022-23,PHI,Stationary Shooter,807,SF,29,-2.55,-1.41,-1.14,-0.1,"-183,432.00",-2.29,-1.74,-0.54
R.J. Hampton,2022-23,ORL/DET,Stationary Shooter,750,PG,22,-2.55,-1.25,-1.3,-0.1,"-175,169.00",-1.28,-0.97,-0.31
Jabari Walker,2022-23,POR,Athletic Finisher,619,SF,20,-2.57,-1.88,-0.7,-0.1,"-172,066.00",-2.47,-1.87,-0.6
Georges Niang,2022-23,PHI,Movement Shooter,"1,512",PF,29,-2.59,-1.25,-1.34,-0.1,"-463,809.00",-1.41,-0.54,-0.87
Corey Kispert,2022-23,WAS,Movement Shooter,"2,093",SF,24,-2.6,-0.86,-1.74,-0.2,"-701,229.00",-2.03,-0.86,-1.17
Will Barton,2022-23,WAS/TOR,Secondary Ball Handler,993,SG,32,-2.61,-1.79,-0.82,-0.1,"-346,162.00",-1.52,-0.91,-0.61
Christian Braun,2022-23,DEN,Stationary Shooter,"1,181",SG,21,-2.61,-2.14,-0.47,-0.1,"-417,160.00",-2.03,-2.01,-0.02
Zeke Nnaji,2022-23,DEN,Stretch Big,728,PF,22,-2.63,-2.13,-0.5,-0.1,"-277,828.00",-2.04,-1.61,-0.43
Bennedict Mathurin,2022-23,IND,Secondary Ball Handler,"2,222",SF,20,-2.64,-0.76,-1.87,-0.3,"-892,343.00",-2.66,-0.43,-2.23
Cam Reddish,2022-23,NYK/POR,Movement Shooter,990,SF,23,-2.73,-1.65,-1.09,-0.2,"-590,294.00",-1.65,-1.28,-0.37
Davon Reed,2022-23,DEN/LAL,Stationary Shooter,343,SG,27,-2.75,-2.68,-0.07,-0.1,"-213,699.00",-2.15,-2.13,-0.02
Furkan Korkmaz,2022-23,PHI,Secondary Ball Handler,353,SG,25,-2.76,-1.98,-0.78,-0.1,"-229,996.00",-2.88,-1.85,-1.02
MarJon Beauchamp,2022-23,MIL,Stationary Shooter,700,SF,22,-2.79,-1.65,-1.14,-0.2,"-489,490.00",-2.12,-1.57,-0.56
Vlatko Cancar,2022-23,DEN,Stretch Big,889,PF,26,-2.79,-1.98,-0.81,-0.2,"-627,861.00",-1.69,-1.47,-0.22
Trent Forrest,2022-23,ATL,Slasher,277,PG,24,-2.82,-2.49,-0.33,-0.1,"-211,660.00",-2.41,-2.31,-0.11
James Bouknight,2022-23,CHO,Secondary Ball Handler,515,SG,22,-2.82,-1.98,-0.84,-0.1,"-395,898.00",-2.48,-1.85,-0.63
David Roddy,2022-23,MEM,Stationary Shooter,"1,258",PF,22,-2.85,-1.28,-1.57,-0.3,"-1,049,546.00",-2.26,-1.78,-0.48
Richaun Holmes,2022-23,SAC,Roll + Cut Big,348,C,29,-2.88,-3.06,0.18,-0.1,"-307,064.00",-1.91,-2.16,0.25
Josh Christopher,2022-23,HOU,Slasher,786,SG,21,-2.89,-1.39,-1.5,-0.2,"-712,726.00",-1.87,-1.38,-0.5
Amir Coffey,2022-23,LAC,Slasher,625,SG,25,-2.97,-1.72,-1.24,-0.2,"-659,780.00",-2.84,-2.04,-0.8
Patrick Williams,2022-23,CHI,Stationary Shooter,"2,323",PF,21,-3,-3.04,0.04,-0.8,"-2,586,902.00",-1.08,-1.9,0.82
Reggie Bullock,2022-23,DAL,Stationary Shooter,"2,364",SF,32,-3.01,-1.51,-1.5,-0.8,"-2,694,548.00",-1.56,-1.25,-0.31
Bryce McGowens,2022-23,CHO,Movement Shooter,787,SG,20,-3.05,-2.43,-0.63,-0.3,"-962,808.00",-3.21,-2.42,-0.8
Jeff Green,2022-23,DEN,Stretch Big,"1,091",PF,36,-3.14,-1.82,-1.32,-0.5,"-1,515,707.00",-1.98,-1.19,-0.79
Ziaire Williams,2022-23,MEM,Stationary Shooter,561,SF,21,-3.15,-1.75,-1.4,-0.2,"-796,965.00",-2.82,-2.06,-0.76
Goran Dragic,2022-23,CHI/MIL,Secondary Ball Handler,870,PG,36,-3.18,-0.76,-2.42,-0.4,"-1,285,927.00",-2.06,-0.76,-1.29
Jordan Nwora,2022-23,MIL/IND,Stationary Shooter,"1,188",SF,24,-3.23,-1.26,-1.97,-0.6,"-1,868,464.00",-1.42,-0.73,-0.69
Lonnie Walker IV,2022-23,LAL,Secondary Ball Handler,"1,297",SG,24,-3.26,-1.71,-1.55,-0.7,"-2,119,147.00",-1.46,-0.63,-0.83
Killian Hayes,2022-23,DET,Primary Ball Handler,"2,154",PG,21,-3.27,-1.96,-1.31,-1.1,"-3,564,082.00",-1.97,-1.38,-0.59
Austin Rivers,2022-23,MIN,Stationary Shooter,"1,016",SG,30,-3.27,-2.09,-1.18,-0.5,"-1,686,091.00",-2.61,-2.09,-0.53
Doug McDermott,2022-23,SAS,Movement Shooter,"1,314",SF,31,-3.37,-0.63,-2.74,-0.8,"-2,428,976.00",-3.34,-1.16,-2.18
Malaki Branham,2022-23,SAS,Secondary Ball Handler,"1,550",SF,19,-3.44,-1.32,-2.12,-1,"-3,088,879.00",-3.78,-1.98,-1.79
Jake LaRavia,2022-23,MEM,Movement Shooter,414,PF,21,-3.69,-2.33,-1.36,-0.3,"-1,023,353.00",-2.82,-2.29,-0.54
Simone Fontecchio,2022-23,UTA,Off Screen Shooter,766,SF,27,-3.71,-1.39,-2.32,-0.6,"-1,926,529.00",-2.4,-0.71,-1.69
Jaden Ivey,2022-23,DET,Primary Ball Handler,"2,304",SG,21,-3.72,-1.69,-2.03,-1.8,"-5,823,127.00",-2.46,-0.79,-1.67
JT Thor,2022-23,CHO,Athletic Finisher,969,PF,20,-3.72,-3.4,-0.32,-0.8,"-2,452,117.00",-3.21,-3.08,-0.12
Justin Holiday,2022-23,ATL/DAL,Movement Shooter,706,SG,34,-3.72,-2.65,-1.07,-0.6,"-1,787,899.00",-2.02,-1.64,-0.38
Robin Lopez,2022-23,CLE,Post Scorer,299,C,35,-4.17,-3.14,-1.03,-0.3,"-1,013,626.00",-3.1,-2.37,-0.73
Blake Wesley,2022-23,SAS,Slasher,669,SG,20,-5.08,-4.09,-0.99,-1.1,"-3,420,036.00",-4.06,-3.57,-0.5
