Rk,Player,Pos,Age,Tm,G,MP,PER,TS%,3PAr,FTr,ORB%,DRB%,TRB%,AST%,STL%,BLK%,TOV%,USG%,,OWS,DWS,WS,WS/48,,OBPM,DBPM,BPM,VORP,Player-additional
1,Precious Achiuwa,PF-C,24,TOT,54,1213,14.6,0.541,0.221,0.234,13.2,19.1,16.1,8.3,1.4,3.5,12.9,16.4,,0.9,1.5,2.5,0.097,,-1.6,-0.1,-1.7,0.1,achiupr01
1,Precious Achiuwa,C,24,TOR,25,437,14.9,0.512,0.276,0.247,12.3,22,17.1,14.1,1.8,2.4,13.3,21.2,,0,0.5,0.5,0.056,,-1.5,-0.1,-1.5,0.1,achiupr01
1,Precious Achiuwa,PF,24,NYK,29,776,14.3,0.566,0.173,0.223,13.7,17.4,15.6,5,1.2,4.1,12.5,13.6,,0.9,1,1.9,0.12,,-1.7,-0.1,-1.8,0,achiupr01
2,Bam Adebayo,C,26,MIA,50,1731,19.7,0.573,0.016,0.412,7.1,27.1,17,19.6,1.5,2.7,12.2,25.9,,1.9,2.9,4.8,0.133,,0.5,1.5,2,1.8,adebaba01
3,Ochai Agbaji,SG,23,TOT,60,1147,8,0.52,0.552,0.092,4.2,9.8,7,6.3,1.3,2.5,11.7,13.1,,-0.1,0.5,0.4,0.018,,-2.9,-0.6,-3.5,-0.4,agbajoc01
3,Ochai Agbaji,SG,23,UTA,51,1003,8,0.531,0.57,0.08,3.9,9.8,6.9,6.1,1.3,2.5,11.7,12.1,,0.1,0.5,0.5,0.025,,-2.6,-0.4,-3,-0.3,agbajoc01
3,Ochai Agbaji,SG,23,TOR,9,144,8,0.471,0.474,0.14,6.7,9.3,8,7.5,1,2.4,11.7,20.3,,-0.2,0.1,-0.1,-0.029,,-4.6,-1.9,-6.6,-0.2,agbajoc01
4,Santi Aldama,PF,23,MEM,49,1236,12.4,0.527,0.524,0.143,5.1,20,12.3,13.2,1.3,2.6,10.9,18.9,,-0.2,1.6,1.4,0.053,,-1.1,0.3,-0.8,0.4,aldamsa01
5,Nickeil Alexander-Walker,SG,25,MIN,61,1403,10,0.558,0.636,0.116,2.1,7.3,4.9,15.2,1.7,2.1,12.9,14.1,,0.7,2.2,2.9,0.1,,-1.6,1.7,0.1,0.7,alexani01
6,Grayson Allen,SG,28,PHO,55,1830,12.9,0.673,0.637,0.229,2.3,10.4,6.6,12.3,1.2,1.7,12.3,13.8,,3.1,1.5,4.6,0.121,,0.5,0,0.5,1.1,allengr01
7,Jarrett Allen,C,25,CLE,55,1717,21.4,0.661,0.009,0.381,12.1,24.8,18.5,13.1,1.2,3.3,12.4,19,,4.5,3.1,7.7,0.214,,1.6,1.4,3,2.2,allenja01
8,Jose Alvarado,PG,25,NOP,40,679,13.3,0.537,0.578,0.164,2.6,11.6,7.2,15.5,3.2,2,10.6,18.5,,0.3,1.1,1.4,0.096,,-1.4,1.9,0.5,0.4,alvarjo01
9,Kyle Anderson,PF,30,MIN,59,1291,12.5,0.526,0.116,0.346,4.2,13.5,9.2,25,1.8,2.1,17.6,14.4,,0.9,2.4,3.3,0.123,,-1.5,2.8,1.2,1.1,anderky01
10,Giannis Antetokounmpo,PF,29,MIL,59,2060,30.2,0.657,0.094,0.593,8.2,26.4,17.6,31.2,1.7,2.4,12.6,32.9,,8,3.1,11,0.257,,6.8,2.3,9.1,5.8,antetgi01
11,Thanasis Antetokounmpo,PF,31,MIL,26,123,3.8,0.482,0.042,0.083,5.5,3.4,4.4,13,1.2,2.7,30.7,12.5,,-0.2,0.1,-0.1,-0.03,,-7.5,-0.7,-8.2,-0.2,antetth01
12,Cole Anthony,PG,23,ORL,60,1375,14.4,0.544,0.34,0.323,4.3,16.2,10.2,20.3,1.8,1.8,13.5,23.6,,0.6,2,2.7,0.093,,-1,0.7,-0.3,0.6,anthoco01
13,OG Anunoby,SF,26,TOT,41,1400,13.5,0.609,0.475,0.176,3,10.5,6.7,9.3,1.9,1.8,10.7,17.6,,1.3,1.2,2.5,0.087,,-0.6,0.5,-0.1,0.7,anunoog01
13,OG Anunoby,SF,26,TOR,27,900,12.5,0.598,0.508,0.143,2.9,10.2,6.5,11.2,1.5,1.3,11.2,18.2,,0.6,0.6,1.1,0.06,,-1,-0.6,-1.5,0.1,anunoog01
13,OG Anunoby,SF,26,NYK,14,500,15.2,0.63,0.408,0.242,3.3,11.2,7.2,6,2.5,2.8,9.9,16.5,,0.7,0.7,1.4,0.137,,0.1,2.3,2.4,0.6,anunoog01
14,Ryan Arcidiacono,PG,29,NYK,20,45,-1.9,0,1,0,0,19.9,9.9,10.3,2.2,0,25,7.6,,-0.1,0.1,-0.1,-0.091,,-11.6,1.9,-9.8,-0.1,arcidry01
15,Deni Avdija,SF,23,WAS,57,1618,14.8,0.605,0.294,0.328,3.7,21.8,12.5,18.4,1.3,1.2,15.2,19.6,,1.3,1,2.3,0.068,,-0.6,-0.1,-0.7,0.5,avdijde01
16,Deandre Ayton,C,25,POR,40,1263,17.5,0.587,0,0.11,10.2,28.9,18.9,9.1,1.6,2.2,12.4,18.7,,1.1,1.6,2.8,0.105,,-0.4,0,-0.4,0.5,aytonde01
17,Udoka Azubuike,C,24,PHO,14,107,13.6,0.652,0,0.5,12.3,21,16.9,3.8,0.5,4.9,13,12.4,,0.1,0.1,0.3,0.121,,-2.5,0,-2.5,0,azubuud01
18,Ibou Badji,C,21,POR,18,203,8.4,0.62,0,0.526,9.9,17.3,13.4,8.5,0.5,8.9,37.4,7.8,,0,0.2,0.2,0.051,,-7.7,2.2,-5.6,-0.2,badjiib01
19,Marvin Bagley III,C,24,TOT,43,909,19,0.621,0.048,0.331,13.6,18,15.8,8.4,0.8,2.5,11.2,21.1,,1.7,0.5,2.2,0.114,,0.6,-1.6,-1,0.2,baglema01
19,Marvin Bagley III,C,24,DET,26,478,18,0.638,0.033,0.337,10.6,17.3,13.8,8.8,0.5,2.4,12.2,21,,0.9,0.2,1.1,0.107,,0.4,-1.6,-1.2,0.1,baglema01
19,Marvin Bagley III,C,24,WAS,17,431,20.1,0.603,0.064,0.326,17,18.9,17.9,7.9,1.2,2.6,10.1,21.2,,0.8,0.3,1.1,0.122,,0.9,-1.6,-0.8,0.1,baglema01
20,Amari Bailey,PG,19,CHO,3,15,2.1,0.317,0.429,0.286,14.3,0,7.4,9.4,0,0,11.3,25.9,,-0.1,0,-0.1,-0.225,,-6.3,-6.8,-13.1,0,baileam01
21,Patrick Baldwin Jr.,SF,21,WAS,20,152,9.2,0.526,0.574,0.255,4.8,26,15.1,6.7,0.6,2.1,10.3,16,,0,0.1,0.1,0.023,,-3.9,-1.3,-5.2,-0.1,baldwpa01
22,LaMelo Ball,PG,22,CHO,22,711,20.7,0.561,0.466,0.246,4.4,13.7,8.9,42.5,2.8,0.5,15,33.9,,0.5,0.5,1.1,0.073,,3.6,-0.5,3.2,0.9,ballla01
23,Mo Bamba,C,25,PHI,38,422,16,0.548,0.264,0.264,14,24.4,19.1,8.7,1.5,7.9,16.2,16.9,,0.3,0.7,1,0.113,,-2.3,0.7,-1.5,0,bambamo01
24,Paolo Banchero,PF,21,ORL,59,2053,17.6,0.549,0.237,0.41,3.7,19.3,11.5,24.5,1.4,1.4,12.7,29.7,,1.1,2.9,4,0.093,,1.5,0,1.5,1.8,banchpa01
25,Desmond Bane,SG,25,MEM,37,1277,18.9,0.597,0.46,0.201,2.8,12.1,7.3,28.6,1.5,1.4,11.6,28.9,,1.5,1.3,2.8,0.105,,3.4,0.1,3.5,1.8,banede01
26,Dalano Banton,PG,24,TOT,32,306,12.6,0.508,0.316,0.368,7.6,14.7,11.1,15.1,1.6,1.8,13.4,22,,0,0.4,0.4,0.056,,-2.3,0.3,-2,0,bantoda01
26,Dalano Banton,PG,24,BOS,24,171,9.8,0.468,0.314,0.392,7.9,13.6,10.9,14,1.4,1.6,14.3,17.7,,0,0.2,0.2,0.065,,-4.9,0.7,-4.2,-0.1,bantoda01
26,Dalano Banton,PG,24,POR,8,135,16.1,0.539,0.318,0.348,7.1,16.1,11.3,16.4,1.8,2,12.6,27.5,,0,0.1,0.1,0.045,,1,-0.2,0.8,0.1,bantoda01
27,Dominick Barlow,PF,20,SAS,24,307,14.7,0.531,0.083,0.405,11.5,18.3,14.8,11.4,1.4,3.3,4.8,14.2,,0.5,0.3,0.7,0.117,,-1.4,-0.2,-1.6,0,barlodo01
28,Harrison Barnes,PF,31,SAC,59,1745,11.8,0.627,0.549,0.259,3,8.4,5.6,5,1.2,0.5,6.7,15,,2.4,0.9,3.3,0.09,,-0.6,-1.3,-1.9,0,barneha02
29,Scottie Barnes,SG,22,TOR,60,2094,19.4,0.566,0.314,0.266,7.2,18.8,12.9,25.6,1.7,3.7,13.6,24.8,,2.4,2.3,4.7,0.108,,2.8,0.9,3.7,3,barnesc01
30,RJ Barrett,SG,23,TOT,50,1568,15.9,0.576,0.304,0.327,3,15.8,9.3,15.5,0.8,1,10.5,25.7,,1.4,1.2,2.6,0.08,,0.5,-1.4,-0.9,0.4,barrerj01
30,RJ Barrett,SG,23,NYK,26,766,14.3,0.536,0.335,0.32,2.7,13.4,8.1,12.7,0.8,1.1,9.6,27.3,,0.4,0.7,1.1,0.067,,-0.4,-1.7,-2.1,0,barrerj01
30,RJ Barrett,SG,23,TOR,24,802,17.4,0.62,0.269,0.334,3.2,18,10.5,18.1,0.9,0.9,11.5,24.1,,1,0.5,1.5,0.092,,1.4,-1.1,0.3,0.5,barrerj01
31,Charles Bassey,C,23,SAS,19,205,17.6,0.739,0.025,0.15,12,28.4,20.1,14,1.8,7,26,11.8,,0.3,0.3,0.6,0.148,,-1.9,3,1.1,0.2,bassech01
32,Emoni Bates,SF,20,CLE,10,76,3.6,0.348,0.8,0.08,1.5,12.8,7.3,9.9,0.6,2.3,3.7,15.4,,-0.1,0.1,0,-0.022,,-5.3,-0.8,-6.1,-0.1,batesem01
33,Keita Bates-Diop,SF,28,TOT,46,638,11.4,0.538,0.425,0.25,5.6,12.4,9.2,7.4,1.8,3,7.8,13,,0.5,0.7,1.2,0.088,,-1.5,0.2,-1.2,0.1,bateske01
33,Keita Bates-Diop,SF,28,PHO,39,597,11.2,0.525,0.427,0.24,6,12.7,9.5,7.4,1.8,2.9,7.3,12.9,,0.4,0.7,1.1,0.086,,-1.6,0.2,-1.3,0.1,bateske01
33,Keita Bates-Diop,SF,28,BRK,7,41,14.3,0.723,0.4,0.4,0,8.2,4,6.8,1.2,4.4,14.5,14.4,,0.1,0,0.1,0.112,,0,0.7,0.7,0,bateske01
34,Nicolas Batum,PF,35,TOT,40,960,11.2,0.653,0.73,0.101,5.3,12.3,8.8,11.1,1.4,2.6,12.6,8.5,,1.4,0.9,2.3,0.117,,-0.4,0.7,0.3,0.6,batumni01
34,Nicolas Batum,PF,35,LAC,3,54,9.7,0.5,0.875,0,0,14.2,7.3,11.1,2.7,6.6,11.1,7.3,,0,0.1,0.1,0.096,,-1.6,4.3,2.6,0.1,batumni01
34,Nicolas Batum,PF,35,PHI,37,906,11.3,0.661,0.722,0.106,5.7,12.2,8.9,11.1,1.3,2.4,12.7,8.5,,1.4,0.8,2.2,0.118,,-0.3,0.5,0.2,0.5,batumni01
35,Darius Bazley,PF,23,PHI,3,10,-1.6,0,0,0,0,11.2,5.5,22.8,0,0,50,8.5,,0,0,0,-0.146,,-7.6,-0.7,-8.3,0,bazleda01
36,Bradley Beal,SG,30,PHO,32,1033,15,0.589,0.312,0.219,3.2,11,7.3,21,1.3,0.8,14.2,24.1,,0.8,0.8,1.7,0.077,,-0.5,-1.5,-2,0,bealbr01
37,Malik Beasley,SG,27,MIL,59,1741,11.4,0.638,0.748,0.052,2.3,11.7,7.1,6.2,1.3,0.3,7,14,,2.1,1.4,3.4,0.095,,-0.1,-0.6,-0.7,0.5,beaslma01
38,MarJon Beauchamp,SF,23,MIL,44,585,9.2,0.593,0.461,0.184,4.2,13.4,9,6.6,1,0.9,14.1,14,,0.2,0.5,0.7,0.056,,-2.5,-0.9,-3.4,-0.2,beaucma01
39,Jules Bernard,SG,24,WAS,8,36,7.4,0.396,0.692,0.154,8.6,9.2,8.9,17.6,1.3,2.2,12.6,18.5,,-0.1,0,0,-0.053,,-3.9,-1.5,-5.4,0,bernaju01
40,Dāvis Bertāns,PF,31,TOT,23,209,16.7,0.675,0.923,0.231,1.1,8,4.5,8.3,1.4,2.2,2.3,18.3,,0.6,0.1,0.7,0.163,,3.7,-0.2,3.5,0.3,bertada01
40,Dāvis Bertāns,PF,31,OKC,15,91,17.2,0.675,0.923,0.577,2.6,9.3,6.1,12.1,1.6,3,3,16,,0.3,0.1,0.4,0.227,,3.2,0.8,4,0.1,bertada01
40,Dāvis Bertāns,PF,31,CHO,8,118,16.3,0.675,0.923,0.058,0,6.9,3.3,5.3,1.2,1.6,1.8,20.1,,0.2,0,0.3,0.114,,4.2,-1,3.1,0.2,bertada01
41,Patrick Beverley,PG,35,TOT,56,1069,11.7,0.542,0.46,0.239,4,13.7,8.8,20.4,1.3,1.7,14.7,15,,0.9,1,1.8,0.082,,-1.3,0,-1.3,0.2,beverpa01
41,Patrick Beverley,PG,35,PHI,47,919,11.6,0.547,0.452,0.261,3.6,14,8.7,20.5,1.3,1.8,15.4,14.8,,0.7,0.8,1.5,0.08,,-1.4,-0.1,-1.5,0.1,beverpa01
41,Patrick Beverley,PG,35,MIL,9,150,12.6,0.513,0.5,0.125,6.7,12,9.5,19.6,1.6,1.7,10.6,16.1,,0.2,0.1,0.3,0.097,,-0.8,0.8,0,0.1,beverpa01
42,Saddiq Bey,SF,24,ATL,59,1921,13.1,0.555,0.512,0.287,8.4,13.1,10.6,5.9,1.2,0.4,6.2,16.6,,2.8,0.5,3.3,0.082,,0.2,-2,-1.9,0.1,beysa01
43,Goga Bitadze,C,24,ORL,50,874,18,0.63,0.063,0.405,13.4,21.6,17.4,11.7,1.6,7.3,13.9,12.9,,1.7,1.7,3.5,0.19,,-0.4,3,2.6,1,bitadgo01
44,Onuralp Bitim,SG,24,CHI,4,49,6.7,0.576,0.615,0.154,0,23.4,11.4,2.7,0,0,12.6,14.2,,0,0,0,0.025,,-3.5,-0.4,-3.9,0,bitimon01
45,Bismack Biyombo,C,31,TOT,33,735,9.8,0.555,0,0.377,8.6,21.1,14.6,10,0.7,4.4,21.5,10.6,,0.1,0.9,1,0.068,,-4.9,1.5,-3.4,-0.3,biyombi01
45,Bismack Biyombo,C,31,MEM,30,718,9.9,0.56,0,0.387,8.4,21.3,14.6,10.1,0.7,4.4,21.4,10.7,,0.1,0.9,1,0.069,,-4.9,1.6,-3.3,-0.2,biyombi01
45,Bismack Biyombo,C,31,OKC,3,17,5.7,0.333,0,0,13.8,12.5,13.1,6.8,0,5.4,25,10.2,,0,0,0,-0.002,,-4.4,-1.4,-5.8,0,biyombi01
46,Anthony Black,PG,20,ORL,55,1005,8.5,0.566,0.364,0.34,3.3,11.2,7.2,11.1,1.5,1.7,16.9,12.5,,0.2,1.3,1.5,0.071,,-3.8,0.8,-2.9,-0.2,blackan01
47,Leaky Black,SF,24,CHO,22,218,10,0.554,0.385,0.359,3.9,16,9.7,10.8,1.1,2.5,10,10,,0.2,0.1,0.3,0.064,,-3.2,-0.2,-3.4,-0.1,blackle01
48,Bogdan Bogdanović,SG,31,ATL,58,1699,14.7,0.565,0.593,0.137,2.1,10.5,6.1,13.7,2,0.8,7.7,22.5,,2,0.7,2.7,0.077,,0.8,-0.7,0,0.9,bogdabo01
49,Bojan Bogdanović,PF-SF,34,TOT,36,1119,13.8,0.595,0.497,0.243,1.6,10.5,6,11.2,1.2,0.4,11.5,24.4,,0.6,0.4,1,0.045,,0.1,-2.3,-2.2,-0.1,bogdabo02
49,Bojan Bogdanović,PF,34,DET,28,921,14,0.6,0.487,0.245,1.5,10.1,5.7,11.8,1.2,0.4,11.8,24.5,,0.5,0.2,0.7,0.038,,0.3,-2.5,-2.1,0,bogdabo02
49,Bojan Bogdanović,SF,34,NYK,8,198,12.8,0.569,0.544,0.233,1.7,12.4,7,8.4,1.3,0.5,10,23.8,,0.1,0.2,0.3,0.076,,-1.1,-1.3,-2.4,0,bogdabo02
50,Bol Bol,PF,24,PHO,23,252,18.4,0.655,0.307,0.114,10.4,22.9,17,5.9,1,5.2,10.6,17.7,,0.4,0.4,0.8,0.153,,0.4,0.6,1,0.2,bolbo01
51,Marques Bolden,C,25,TOT,4,16,-5.1,0,0,0,0,20.5,10.3,0,0,0,50,5.5,,-0.1,0,0,-0.139,,-12.3,-2.9,-15.1,-0.1,boldema01
51,Marques Bolden,C,25,MIL,2,3,3.1,,,,0,70.6,36.4,0,0,0,,0,,0,0,0,0.105,,-7.7,2.3,-5.4,0,boldema01
51,Marques Bolden,C,25,CHO,2,13,-6.9,0,0,0,0,8.9,4.3,0,0,0,50,6.7,,-0.1,0,-0.1,-0.196,,-13.3,-4.1,-17.4,0,boldema01
52,Devin Booker,PG,27,PHO,50,1788,22.3,0.612,0.299,0.359,2.3,11.6,7.2,31.4,1.3,1,10.3,30.2,,5.3,1.5,6.7,0.181,,4,-1,3,2.3,bookede01
53,Brandon Boston Jr.,SF,22,LAC,19,129,10.4,0.513,0.313,0.219,6.4,6.8,6.6,5.7,0.8,1.4,9.1,26.1,,-0.1,0.1,0,0.008,,-4.6,-3.6,-8.2,-0.2,bostobr01
54,Chris Boucher,PF,31,TOR,48,650,15.5,0.606,0.442,0.413,9.3,23,16,4,1,2.8,8.6,17.5,,1,0.6,1.6,0.119,,-0.7,-1.3,-2,0,bouchch01
55,James Bouknight,SG,23,CHO,14,81,15.8,0.597,0.732,0.049,1.3,11.5,6.2,12,0.6,1.1,4.6,23.7,,0.1,0,0.1,0.064,,4.3,-2.2,2.1,0.1,bouknja01
56,Jamaree Bouyea,PG,24,POR,6,57,-4.8,0.238,0.381,0,3.7,17,9.9,19.5,0,0,27.6,21.6,,-0.4,0,-0.4,-0.296,,-13.1,-4.9,-18,-0.2,bouyeja01
57,Malaki Branham,PG,20,SAS,56,1146,8.7,0.519,0.405,0.086,1.9,8.9,5.3,15.3,0.9,0.4,12.1,19,,-0.6,0.3,-0.3,-0.013,,-3.6,-2.2,-5.8,-1.1,branhma01
58,Christian Braun,SG,22,DEN,61,1173,10.9,0.526,0.325,0.296,5.1,15.1,10.2,9.1,1.2,1.8,9.4,16.1,,0.5,1.3,1.8,0.075,,-2.6,-0.4,-3.1,-0.3,braunch01
59,Mikal Bridges,SF,27,BRK,60,2104,15.7,0.565,0.421,0.262,2.5,12.7,7.5,16.2,1.4,1.1,10.1,25.6,,1.6,1.6,3.2,0.073,,1,-1,0,1.1,bridgmi01
60,Miles Bridges,SF,25,CHO,50,1869,15.7,0.561,0.371,0.171,2.8,20.3,11.2,14,1.4,1.3,9.6,24.6,,0.6,1.2,1.8,0.046,,0.3,-1,-0.8,0.6,bridgmi02
61,Oshae Brissett,SF,25,BOS,40,427,13.7,0.551,0.391,0.5,9.8,17.3,13.7,9.2,1.8,0.8,8.8,14.9,,0.7,0.7,1.3,0.15,,-1.3,1.1,-0.2,0.2,brissos01
62,Malcolm Brogdon,PG,31,POR,39,1121,17,0.56,0.401,0.234,2.7,12.9,7.5,31.1,1.2,0.6,9.9,23,,1.9,0.7,2.6,0.111,,2.6,-0.8,1.9,1.1,brogdma01
63,Armoni Brooks,PG,25,BRK,10,104,8.1,0.448,0.696,0.043,7.1,11.9,9.4,6.7,0.5,0.9,6,20.6,,-0.1,0,0,-0.02,,-2.1,-3.6,-5.7,-0.1,brookar01
64,Dillon Brooks,SF,28,HOU,51,1596,9.9,0.561,0.462,0.205,2.8,9.5,6.1,7.6,1.4,0.4,9.9,18,,0.5,1.7,2.2,0.067,,-3,0.1,-2.9,-0.3,brookdi01
65,Bruce Brown,SG-PG,27,TOT,52,1463,11.5,0.554,0.301,0.24,3.3,14.7,8.9,12.1,1.6,0.9,10.4,16.2,,1,0.9,1.8,0.061,,-2.4,-0.7,-3.1,-0.4,brownbr01
65,Bruce Brown,SG,27,IND,33,981,12.1,0.568,0.322,0.261,2.9,15.2,9,12.4,1.7,0.6,10.5,16.6,,0.8,0.5,1.4,0.067,,-1.8,-0.6,-2.4,-0.1,brownbr01
65,Bruce Brown,PG,27,TOR,19,482,10.2,0.521,0.257,0.194,4,13.7,8.8,11.5,1.3,1.4,10.3,15.4,,0.1,0.3,0.5,0.047,,-3.6,-0.9,-4.5,-0.3,brownbr01
66,Charlie Brown Jr.,SG,26,NYK,7,36,-3.3,0.3,0.7,0,3.1,3.1,3.1,0,0,5.2,16.7,14.3,,-0.1,0,-0.1,-0.127,,-10.5,-3.5,-14,-0.1,brownch02
67,Greg Brown III,PF,22,DAL,6,40,10.4,0.501,0.273,0.818,8.2,16.5,12.3,12.9,0,8.8,21.1,20.2,,0,0,0,-0.009,,-4.8,0.4,-4.4,0,browngr01
68,Jaylen Brown,SF,27,BOS,55,1826,18.3,0.585,0.33,0.242,3.6,13.5,8.8,17.4,1.6,1.4,11,28.2,,2.1,2.6,4.8,0.126,,0.8,0.1,0.8,1.3,brownja02
69,Kendall Brown,SG,20,IND,7,28,10.1,0.579,0.167,1,8.1,0,4.1,8.2,0,0,0,12.9,,0.1,0,0.1,0.106,,-1.9,-2.6,-4.5,0,brownke03
70,Kobe Brown,PF,24,LAC,33,285,5.5,0.477,0.619,0.032,4.1,13.4,8.9,7.4,1,0.9,9.9,10.8,,0,0.2,0.2,0.039,,-4.8,0.1,-4.7,-0.2,brownko01
71,Moses Brown,C,24,POR,11,95,12.9,0.462,0,0.292,20.1,36.9,28,3.1,1,2.9,15.6,14.4,,0,0.1,0.1,0.052,,-4.7,-2.2,-7,-0.1,brownmo01
72,Troy Brown Jr.,SF,24,TOT,43,493,10.8,0.583,0.692,0.168,3.9,15.8,10.1,11.4,0.9,0.4,12,15.5,,0.4,0.7,1,0.1,,-0.8,0.3,-0.5,0.2,browntr01
72,Troy Brown Jr.,SF,24,MIN,37,410,11.6,0.603,0.712,0.186,4.2,15.1,10,11.8,1,0.4,12.4,15.7,,0.4,0.6,1,0.122,,-0.2,0.6,0.4,0.2,browntr01
72,Troy Brown Jr.,SF,24,DET,6,83,6.9,0.483,0.6,0.08,2.6,19.3,10.8,9.5,0.6,0,10.4,14.7,,0,0,0,-0.007,,-3.6,-1.2,-4.8,-0.1,browntr01
73,Jalen Brunson,PG,27,NYK,57,2019,22,0.592,0.32,0.308,1.8,9.9,5.8,31.6,1.3,0.5,9.8,30.8,,5.8,1.8,7.5,0.179,,5.2,-0.5,4.7,3.5,brunsja01
74,Thomas Bryant,C,26,MIA,25,259,15.2,0.611,0.052,0.286,10.8,23,16.8,8.8,1.1,1.9,14.8,17.4,,0.3,0.4,0.7,0.123,,-2.2,-0.4,-2.6,0,bryanth01
75,Kobe Bufkin,SG,20,ATL,9,89,8.8,0.426,0.459,0.108,2.3,15.1,8.5,22.4,1.6,1,11.4,20.2,,-0.1,0,0,-0.026,,-3.5,-0.4,-3.9,0,bufkiko01
76,Reggie Bullock,SF,32,HOU,25,222,7.3,0.563,0.788,0.019,1.4,15.4,8.4,6,0.9,0.8,10.3,11.2,,0,0.2,0.3,0.062,,-2.9,0,-2.9,0,bullore01
77,Alec Burks,SG,32,TOT,52,1055,13.5,0.556,0.588,0.307,2.1,11.5,6.7,10.4,1,1,6.9,23.9,,1,0.4,1.4,0.063,,0.3,-2.2,-1.9,0,burksal01
77,Alec Burks,SG,32,DET,43,901,14.9,0.581,0.608,0.33,1.9,12,6.8,10.9,1.1,1,6.4,23.3,,1.3,0.3,1.6,0.088,,1.3,-1.8,-0.5,0.4,burksal01
77,Alec Burks,SG,32,NYK,9,154,5.1,0.427,0.488,0.195,2.9,8.7,5.8,7.5,0.3,0.6,9.2,27.2,,-0.3,0.1,-0.3,-0.08,,-5.7,-4.8,-10.5,-0.3,burksal01
78,Jared Butler,SG,23,WAS,22,178,17.7,0.658,0.438,0.266,1.2,8,4.5,34.2,2.3,0.9,17.3,20.3,,0.4,0.1,0.4,0.119,,1.1,-0.4,0.6,0.1,butleja02
79,Jimmy Butler,PF,34,MIA,41,1390,23.2,0.635,0.169,0.61,6.6,11.8,9.2,22.5,2.1,1,8.9,24.7,,4.7,1.8,6.5,0.225,,4.8,0.7,5.5,2.6,butleji01
80,Jamal Cain,PF,24,MIA,16,225,11.3,0.531,0.377,0.333,6.5,9.7,8.1,2.5,2.2,1.7,5.9,16.6,,0.1,0.3,0.4,0.083,,-2.8,0.2,-2.6,0,cainja01
81,Kentavious Caldwell-Pope,SG,30,DEN,55,1743,10.4,0.584,0.493,0.228,1.6,6.5,4.1,9.3,2,1.2,9.8,13.2,,1.5,1.8,3.3,0.09,,-2.4,0.5,-1.9,0,caldwke01
82,Toumani Camara,PF,23,POR,58,1385,10.1,0.527,0.392,0.232,8.6,15.1,11.6,6.3,2,1.7,14.9,14.2,,0,1.3,1.3,0.047,,-3.6,0,-3.7,-0.6,camarto01
83,Clint Capela,C,29,ATL,52,1315,20.3,0.587,0,0.333,19.2,25.1,22,5.3,1,5.3,8.9,16.8,,3.1,1.2,4.3,0.157,,0.8,-1.2,-0.5,0.5,capelca01
84,Jevon Carter,PG,28,CHI,57,771,8.1,0.479,0.643,0.017,1,5.6,3.3,12,2,1.8,9.3,18.4,,-0.6,0.7,0,0.003,,-3.6,-0.3,-4,-0.4,carteje01
85,Wendell Carter Jr.,C,24,ORL,35,914,15.8,0.647,0.36,0.357,8,21.4,14.6,9,0.9,1.8,11.5,16.9,,1.7,1.3,2.9,0.153,,0.6,0.1,0.7,0.6,cartewe01
86,D.J. Carton,SG,23,TOR,3,23,13,0.683,0.5,0.5,4.7,4.9,4.8,17.1,0,0,12,15.4,,0.1,0,0.1,0.134,,-1.9,-0.9,-2.7,0,cartodj01
87,Alex Caruso,SG,29,CHI,51,1386,14.2,0.616,0.608,0.202,3.8,11.8,7.7,14.2,2.7,4.2,14.9,15,,1.4,1.9,3.3,0.115,,0,2.3,2.3,1.5,carusal01
88,Colin Castleton,C,23,LAL,7,36,18.6,0.765,0,0.4,12.9,14.8,13.9,11.8,0,0,7.8,15.3,,0.2,0,0.2,0.232,,-0.2,-1.9,-2,0,castlco01
89,Malcolm Cazalon,SG,22,DET,1,3,0,,,,0,0,0,0,0,0,,0,,0,0,0,-0.016,,-6,-3.2,-9.2,0,cazalma01
90,Julian Champagnie,SF,22,SAS,53,893,11.1,0.558,0.713,0.205,3.8,12.9,8.3,9.6,1.7,2.7,10.4,14.5,,0.4,0.7,1.1,0.057,,-1.7,-0.3,-2,0,champju02
91,Justin Champagnie,SF,22,WAS,3,16,17.2,0.55,0.5,0,0,6.9,3.3,10.6,2.9,5,9.1,28.8,,0,0,0,-0.031,,0.7,0.4,1.1,0,champju01
92,Max Christie,SG,20,LAL,48,796,8.2,0.545,0.492,0.213,1.8,14.2,8.3,8,1,1.7,12.6,13.4,,-0.1,0.7,0.5,0.032,,-3.5,-0.4,-4,-0.4,chrisma02
93,Sidy Cissoko,SF,19,SAS,6,32,5.4,0.387,0.667,0.667,0,20.6,10.2,0,4.4,0,11.4,11.5,,-0.1,0,0,-0.014,,-9.3,0.4,-8.9,-0.1,cissosi01
94,Jordan Clarkson,SG,31,UTA,50,1517,12.3,0.519,0.385,0.251,3.3,8.9,6.1,24.4,0.9,0.3,14.2,25.8,,0.1,0.2,0.3,0.01,,-1.4,-3.1,-4.5,-1,clarkjo01
95,Nic Claxton,C,24,BRK,50,1467,18.9,0.624,0.01,0.296,9.9,27.3,18.3,9.9,1.1,6.6,11.1,15.6,,2.5,2.3,4.7,0.155,,-0.2,1.6,1.4,1.3,claxtni01
96,Noah Clowney,PF,19,BRK,7,69,16,0.703,0.222,0.333,9.1,11.4,10.2,12.4,0,1.3,12.7,14.7,,0.2,0,0.2,0.152,,0.1,-2.1,-1.9,0,clownno01
97,Amir Coffey,SF,26,LAC,47,881,11.1,0.667,0.482,0.251,2.4,8,5.3,6.3,1.5,0.7,8.1,11.7,,1.4,0.7,2.1,0.114,,-1.3,0.1,-1.1,0.2,coffeam01
98,John Collins,PF,26,UTA,57,1596,16.2,0.605,0.318,0.219,9.1,23.7,16.5,6.4,1,2.6,10.9,19.7,,2,1.3,3.3,0.1,,-0.3,-1.3,-1.6,0.2,collijo01
99,Zach Collins,C,26,SAS,49,1139,13.4,0.56,0.32,0.253,7.9,16.9,12.3,19.2,1,2.5,16.5,21.9,,0.1,0.8,0.9,0.039,,-2.3,-0.6,-2.9,-0.3,colliza01
100,Mike Conley,PG,36,MIN,56,1615,15.1,0.617,0.646,0.165,1.7,9.3,5.8,29.6,1.7,0.7,12,14.7,,3.7,2.5,6.2,0.184,,1.7,1.5,3.3,2.1,conlemi01
101,Pat Connaughton,SF,31,MIL,55,1183,9.7,0.597,0.701,0.137,3.3,12.9,8.3,10.9,1.3,1,12.4,10.2,,1.1,1,2.1,0.087,,-1.4,0.3,-1,0.3,connapa01
102,Bilal Coulibaly,SF,19,WAS,56,1494,8.7,0.546,0.413,0.295,3.4,12.9,8,8.2,1.5,2.3,16,14,,-0.6,0.7,0.2,0.005,,-3.8,-0.5,-4.3,-0.9,coulibi01
103,Ricky Council IV,SG,22,PHI,19,180,19.8,0.596,0.224,0.711,7.3,16.2,11.7,5.8,0.5,0,2.9,24.4,,0.5,0.1,0.6,0.172,,2.4,-2.2,0.3,0.1,councri01
104,Robert Covington,SF-PF,33,TOT,29,488,13.5,0.58,0.571,0.265,7,15.1,11,6.2,3.9,3.3,9.1,10.6,,0.6,0.8,1.4,0.14,,-1,3.1,2.1,0.5,covinro01
104,Robert Covington,PF,33,LAC,3,69,10.5,0.455,0.889,0.222,3.4,9.5,6.6,12,4.3,2.6,0,6.2,,0.1,0.1,0.2,0.128,,-2.4,4.4,2,0.1,covinro01
104,Robert Covington,SF,33,PHI,26,419,13.9,0.593,0.539,0.27,7.6,16,11.7,5.2,3.8,3.4,9.9,11.3,,0.5,0.7,1.2,0.142,,-0.8,2.9,2.1,0.4,covinro01
105,Torrey Craig,SF,33,CHI,33,694,11.4,0.559,0.593,0.162,8.6,16.7,12.5,6.9,1.4,2.2,9.6,12.5,,0.7,0.7,1.4,0.1,,-1.7,0,-1.7,0.1,craigto01
106,Jae Crowder,PF,33,MIL,30,747,8.7,0.559,0.648,0.148,2.1,13.5,8,7.6,1.7,0.7,8.5,10.8,,0.4,0.7,1.1,0.071,,-2.5,0.5,-2,0,crowdja01
107,Jalen Crutcher,PG,24,NOP,1,3,-12.5,0,0,0,0,0,0,0,0,0,0,14.3,,0,0,0,-0.326,,-18.4,-7.7,-26,0,crutcja01
108,Cade Cunningham,PG,22,DET,50,1689,16.3,0.55,0.289,0.239,1.4,12.5,6.8,35.2,1.3,0.9,14.6,29.6,,0.6,0.7,1.2,0.035,,1.4,-1.8,-0.4,0.7,cunnica01
109,Seth Curry,SG,33,TOT,44,616,9.8,0.519,0.529,0.152,3.2,9.1,6.1,9.6,1.7,0.9,8.8,16.6,,0.1,0.4,0.4,0.034,,-2.5,-0.7,-3.2,-0.2,curryse01
109,Seth Curry,SG,33,DAL,36,457,8.6,0.502,0.552,0.131,3.6,8.9,6.2,8.4,1.8,0.6,9.4,15.8,,-0.1,0.3,0.2,0.025,,-3,-1,-4,-0.2,curryse01
109,Seth Curry,SG,33,CHO,8,159,13.5,0.56,0.475,0.203,2,9.5,5.6,13,1.5,1.7,7.2,19,,0.1,0.1,0.2,0.059,,-1.2,0.1,-1.1,0,curryse01
110,Stephen Curry,PG,35,GSW,57,1877,20.6,0.62,0.613,0.239,1.6,12.4,7,24.3,1.2,1,12.1,31.6,,3.9,1.4,5.3,0.137,,6.2,-1.2,5.1,3.3,curryst01
111,Dyson Daniels,PG,20,NOP,52,1139,11.4,0.518,0.43,0.195,5,13.5,9.3,15,3.1,1.8,15.8,12.5,,0.4,1.8,2.2,0.093,,-2.2,2.6,0.3,0.7,daniedy01
112,Anthony Davis,C,30,LAL,58,2078,25.7,0.621,0.073,0.398,9.9,27.5,19.1,15.8,1.5,5.9,9.1,26.7,,5.4,3.5,8.9,0.205,,3.4,1.6,5,3.7,davisan02
113,Johnny Davis,SG,21,WAS,29,283,3.7,0.365,0.16,0.111,4.4,10.1,7.2,4.8,1.6,0.6,7.6,13.6,,-0.5,0.1,-0.4,-0.074,,-7.6,-2.2,-9.8,-0.6,davisjo06
114,JD Davison,SG,21,BOS,2,6,15.3,0.532,1,2,18.8,16.8,17.8,0,0,0,0,13.6,,0,0,0,0.207,,-0.6,-1.5,-2.1,0,davisjd01
115,Dexter Dennis,SG,24,DAL,4,30,18.2,0.541,0.421,0.158,3.6,29.3,16.4,23.6,0,2.9,12.9,33.2,,0,0,0,-0.004,,1.9,-0.3,1.6,0,dennide01
116,DeMar DeRozan,SF,34,CHI,58,2193,18.7,0.572,0.167,0.438,1.8,10.8,6.2,21.7,1.4,1.7,6.8,24.7,,4.8,1.8,6.6,0.144,,1.6,-0.1,1.4,1.9,derozde01
117,Moussa Diabaté,C,22,LAC,11,64,24.5,0.576,0,0.737,27.4,15.4,21.2,8.5,3.8,1.4,7.4,18.5,,0.2,0.1,0.3,0.252,,3.8,-0.5,3.3,0.1,diabamo01
118,Mamadi Diakite,PF,27,SAS,3,16,30.3,0.785,0,1.2,6.7,13.8,10.2,20,0,5.3,0,20,,0.1,0,0.1,0.338,,7.8,3.6,11.4,0.1,diakima01
119,Hamidou Diallo,SG,25,WAS,2,5,32.9,0.5,0,0,41.4,0,21.3,28.5,18.6,0,33.3,25.1,,0,0,0,0.196,,2.5,15.9,18.5,0,diallha01
120,Gradey Dick,SG,20,TOR,40,650,10.6,0.583,0.588,0.118,3,10,6.4,9.3,1.6,0,9.4,16.1,,0.5,0.3,0.8,0.059,,-2.2,-1,-3.3,-0.2,dickgr01
121,Ousmane Dieng,PF,20,OKC,29,326,10.1,0.555,0.634,0.158,3.6,12.7,8.4,11.9,0.7,0.8,12.9,16.5,,0.1,0.3,0.4,0.063,,-1.7,-1.2,-2.9,-0.1,diengou01
122,Spencer Dinwiddie,PG,30,TOT,56,1664,12.4,0.526,0.562,0.304,1.7,9.2,5.4,25.9,1.2,0.5,10.3,17.7,,1.8,1,2.8,0.081,,-1,-0.8,-1.8,0.1,dinwisp01
122,Spencer Dinwiddie,PG,30,BRK,48,1474,13.3,0.53,0.557,0.321,1.9,10,5.8,26.9,1.3,0.5,9.8,18.4,,1.9,0.9,2.8,0.091,,-0.4,-0.7,-1.2,0.3,dinwisp01
122,Spencer Dinwiddie,PG,30,LAL,8,190,5.7,0.476,0.614,0.114,0.6,2.8,1.8,18.7,1,0.5,16.3,12.6,,-0.1,0.1,0,-0.001,,-5,-1.6,-6.6,-0.2,dinwisp01
123,Donte DiVincenzo,SG,27,NYK,60,1558,16.7,0.604,0.694,0.11,3.5,11.1,7.3,14.3,2.3,1.4,9.5,21.4,,2.7,1.9,4.6,0.142,,2.9,1,3.8,2.3,divindo01
124,Luka Dončić,PG,24,DAL,53,1985,28.9,0.623,0.431,0.388,2.3,23.9,13,44.4,1.9,1.4,12.4,36,,7,2.3,9.3,0.226,,8.6,1.5,10.1,6.1,doncilu01
125,Luguentz Dort,SF,24,OKC,58,1652,11,0.588,0.591,0.218,4.3,10.2,7.4,5.7,1.5,2.3,8.8,15.2,,1.4,1.9,3.3,0.096,,-1.5,-0.2,-1.7,0.1,dortlu01
126,Ayo Dosunmu,SG,24,CHI,58,1553,12.7,0.6,0.429,0.143,2.8,8.7,5.7,14.2,1.6,1.7,12,16.5,,1.5,1.3,2.8,0.087,,-1,0,-1,0.4,dosunay01
127,Andre Drummond,C,30,CHI,60,1039,23.1,0.57,0.008,0.414,21.7,36.4,28.9,4.4,2.9,4.1,13.1,21.6,,1.5,2.2,3.7,0.17,,0.6,-0.3,0.3,0.6,drumman01
128,Chris Duarte,SF,26,SAC,42,557,7.6,0.503,0.572,0.178,3.6,12.5,7.9,7.8,2,0.8,10.9,14.1,,-0.1,0.5,0.4,0.034,,-4.2,0.2,-4,-0.3,duartch01
129,Kris Dunn,PG,29,UTA,53,957,13.4,0.557,0.355,0.102,4.4,12.5,8.5,29,2.8,2,20.7,14,,0.9,0.9,1.8,0.088,,-1.2,1.7,0.5,0.6,dunnkr01
130,Kevin Durant,PF,35,PHO,54,2007,22.3,0.635,0.27,0.337,1.8,17.5,10.1,24.5,1.2,3.1,13.2,29.2,,4.3,2.3,6.6,0.158,,4.7,0.2,4.9,3.5,duranke01
131,Jalen Duren,C,20,DET,45,1353,18.5,0.648,0.007,0.274,11.9,32.5,22,12.8,0.7,2.5,15.6,17.9,,2.4,1.2,3.6,0.127,,0,0,0,0.7,durenja01
132,Tari Eason,PF,22,HOU,22,480,17.1,0.528,0.265,0.175,10.2,23.8,17,8.4,3.1,3.6,8.9,19.8,,0.2,1,1.3,0.126,,-0.7,2.1,1.4,0.4,easonta01
133,Anthony Edwards,SG,22,MIN,58,2022,19.9,0.586,0.344,0.335,1.9,14.3,8.5,24.7,1.8,1.3,12.4,32.4,,2.3,3.6,5.9,0.139,,3,0.7,3.8,3,edwaran01
134,Kessler Edwards,SF,23,SAC,39,189,9,0.521,0.623,0.113,2.9,15.4,9,6,1,1.9,1.8,12.8,,0.1,0.1,0.3,0.066,,-2.2,-0.7,-2.9,0,edwarke02
135,Keon Ellis,SG,24,SAC,35,405,10.2,0.572,0.798,0.181,3.5,9.2,6.3,14,2.1,3.1,15.1,12.6,,0.3,0.4,0.7,0.082,,-1.7,1.4,-0.4,0.2,elliske01
136,Joel Embiid,C,29,PHI,34,1157,34.4,0.645,0.149,0.534,8.4,28.5,18.3,31.6,1.6,4.7,11.9,39,,4.8,1.9,6.7,0.279,,8.9,3,11.9,4.1,embiijo01
137,Drew Eubanks,C,26,PHO,55,867,14.6,0.66,0.015,0.392,9.7,19.7,15,7.8,1.2,4.6,18.6,13.9,,1.1,1.2,2.2,0.123,,-2,0.7,-1.3,0.2,eubandr01
138,Tosan Evbuomwan,SF,22,TOT,6,90,8.1,0.472,0.5,0,9.5,10.2,9.8,9,0.5,1,5.3,9.1,,0,0.1,0.1,0.049,,-3.1,-1.4,-4.5,-0.1,evbuoto01
138,Tosan Evbuomwan,SF,22,MEM,4,74,5.7,0.333,0.533,0,11.5,9.2,10.4,10.9,0,1.3,6.3,9.3,,0,0,0,0.019,,-4.2,-2.3,-6.6,-0.1,evbuoto01
138,Tosan Evbuomwan,SF,22,DET,2,16,19.4,1.167,0.333,0,0,14.3,7,0,3,0,0,7.9,,0.1,0,0.1,0.189,,2.1,2.9,5,0,evbuoto01
139,Dante Exum,PG,28,DAL,35,671,16.1,0.655,0.319,0.238,2.9,12.5,7.7,20,1.3,0.7,10.8,16.5,,1.6,0.4,2,0.144,,0.8,-0.5,0.3,0.4,exumda01
140,Bruno Fernando,C,25,ATL,23,246,17,0.593,0.039,0.526,11,20.4,15.5,7.9,1.5,4.6,10.5,17.5,,0.4,0.2,0.6,0.121,,-1.7,0.3,-1.4,0,fernabr01
141,Dorian Finney-Smith,PF,30,BRK,51,1418,10.1,0.548,0.663,0.072,6.2,12.3,9.1,7.2,1.3,1.9,9.7,13.5,,0.8,1.1,1.9,0.063,,-1.8,-0.2,-2,0,finnedo01
142,Adam Flagler,SG,24,OKC,1,6,-13.6,0,1,0,0,0,0,17.9,0,0,0,21.7,,-0.1,0,-0.1,-0.451,,-18,-9,-27,0,flaglad01
143,Malachi Flynn,PG,25,TOT,52,601,9.8,0.519,0.552,0.193,2.3,12.5,7.3,19.3,1.8,0.9,16.4,17.7,,-0.1,0.4,0.3,0.023,,-3.2,-0.1,-3.4,-0.2,flynnma01
143,Malachi Flynn,PG,25,TOR,31,474,10,0.535,0.584,0.161,2.9,12.3,7.5,19.9,1.8,1.1,18.4,16.2,,0,0.4,0.3,0.033,,-2.9,0.2,-2.7,-0.1,flynnma01
143,Malachi Flynn,PG,25,NYK,14,60,12.4,0.557,0.565,0.478,0,11.2,5.6,14.1,0.8,0,9.7,22,,0.1,0,0.1,0.09,,-1.8,-0.9,-2.7,0,flynnma01
143,Malachi Flynn,PG,25,DET,7,67,6.1,0.415,0.406,0.125,0,15.4,7.5,19.1,2.1,0,12.9,24.5,,-0.2,0,-0.1,-0.107,,-7.3,-1.7,-8.9,-0.1,flynnma01
144,Simone Fontecchio,SF,28,TOT,59,1415,11.5,0.591,0.619,0.11,4.5,11.5,8,8.9,1.3,1.1,10.9,16,,1.2,0.6,1.7,0.059,,-0.3,-1,-1.3,0.2,fontesi01
144,Simone Fontecchio,SF,28,UTA,50,1160,11,0.592,0.651,0.112,4.9,11.6,8.3,8.5,1.2,1.4,12,15.3,,0.9,0.5,1.4,0.057,,-0.5,-1.1,-1.6,0.1,fontesi01
144,Simone Fontecchio,SF,28,DET,9,255,13.6,0.588,0.51,0.106,2.6,10.8,6.6,10.4,1.7,0,6.8,19.4,,0.3,0.1,0.3,0.066,,0.4,-0.4,0,0.1,fontesi01
145,Jordan Ford,PG,25,SAC,6,22,16.6,0.761,0.429,0.286,0,10.6,5.1,12.5,0,0,11.3,17.2,,0.1,0,0.1,0.148,,3.2,-1.4,1.9,0,fordjo01
146,Trent Forrest,SG,25,ATL,22,217,6.8,0.382,0.146,0.208,2.4,10.8,6.4,24.5,1.5,0.4,17.4,12,,-0.1,0.1,0,-0.007,,-5,-0.4,-5.4,-0.2,forretr01
147,Evan Fournier,SG,31,TOT,11,191,11.3,0.53,0.635,0.189,1.7,11.3,6.4,9.5,3.1,0.9,10.1,19.8,,0,0.2,0.1,0.035,,-2.7,0.7,-2,0,fournev01
147,Evan Fournier,SG,31,NYK,3,39,2.2,0.287,0.75,0.1,0,11.5,5.7,10.2,5.1,0,4.6,24,,-0.2,0.1,-0.1,-0.109,,-12,0.3,-11.7,-0.1,fournev01
147,Evan Fournier,SG,31,DET,8,152,13.6,0.616,0.593,0.222,2.2,11.3,6.6,9.4,2.5,1.1,11.9,18.7,,0.1,0.1,0.2,0.072,,-0.3,0.8,0.5,0.1,fournev01
148,De'Aaron Fox,PG,26,SAC,51,1818,20.1,0.571,0.369,0.309,2.9,10.7,6.7,24.8,2.6,1,10.2,31.4,,2.3,1.8,4.1,0.108,,2.4,-0.6,1.9,1.8,foxde01
149,Javon Freeman-Liberty,PG,24,TOR,3,5,6.4,0.333,0,0,21.5,0,11,0,0,0,0,25.6,,0,0,0,-0.121,,-8.3,-7.9,-16.2,0,freemja01
150,Alex Fudge,SF,20,LAL,4,14,-1.9,0.291,0.333,0.333,16.6,0,8,0,0,0,12.7,24.3,,-0.1,0,-0.1,-0.228,,-10,-8.2,-18.2,-0.1,fudgeal01
151,Markelle Fultz,PG,25,ORL,25,575,13.9,0.512,0.045,0.126,7,10.6,8.8,21.5,2.6,1.4,12.9,18.1,,0.2,0.9,1.1,0.09,,-1.6,2,0.4,0.4,fultzma01
152,Daniel Gafford,C-PF,25,TOT,54,1343,20,0.701,0,0.394,12,21.9,16.8,7.7,1.7,6.5,12,14.3,,3.3,1.5,4.9,0.174,,-0.3,1.1,0.7,0.9,gaffoda01
152,Daniel Gafford,C,25,WAS,45,1192,19.7,0.707,0,0.405,11.4,21.2,16.1,7.9,1.7,6.6,11.7,13.8,,3,1.3,4.3,0.172,,-0.4,1.1,0.8,0.8,gaffoda01
152,Daniel Gafford,PF,25,DAL,9,151,21.9,0.66,0,0.327,16.6,27.7,22.1,5.7,1.6,6.4,13.8,18.4,,0.4,0.2,0.6,0.193,,-0.2,0.8,0.6,0.1,gaffoda01
153,Danilo Gallinari,PF-SF,35,TOT,37,522,14.1,0.602,0.485,0.509,3.4,16.5,9.8,11.9,0.8,0.8,6.9,17.4,,0.9,0.2,1.1,0.103,,-0.4,-1.3,-1.7,0,gallida01
153,Danilo Gallinari,PF,35,WAS,26,385,13.3,0.581,0.489,0.427,3.2,18.3,10.5,10.7,0.7,0.6,7.2,18.2,,0.5,0.1,0.6,0.075,,-0.9,-1.8,-2.7,-0.1,gallida01
153,Danilo Gallinari,SF,35,DET,6,90,23.1,0.799,0.545,1.091,2.4,15.3,8.7,18.2,1.1,1.9,3,15.8,,0.5,0,0.6,0.296,,6,1,7,0.2,gallida01
153,Danilo Gallinari,SF,35,MIL,5,47,3.2,0.363,0.333,0.333,7.2,4.5,5.8,10.1,1,0,12.7,14.3,,-0.1,0,0,-0.036,,-8.2,-1.7,-9.8,-0.1,gallida01
154,Darius Garland,PG,24,CLE,36,1183,15,0.575,0.393,0.247,1.6,6.4,4.1,27.4,2,0.3,16.5,25.4,,0.6,1.5,2.1,0.083,,0.3,-0.9,-0.5,0.4,garlada01
155,Usman Garuba,PF,21,GSW,3,8,6.1,0,0,0,13.5,0,6.7,14,6,0,0,5.2,,0,0,0,0.069,,-6.5,3.5,-3,0,garubus01
156,Luka Garza,C,25,MIN,14,40,17.9,0.545,0.36,0.48,18.2,13.3,15.6,8.7,0,0,6.2,35.6,,0.1,0.1,0.1,0.135,,-2.3,-3.9,-6.2,0,garzalu01
157,Kaiser Gates,SF,27,NOP,1,7,-19.7,0,0.5,0,0,15.7,7.9,0,0,0,0,24.6,,-0.1,0,-0.1,-0.544,,-18.5,-10.1,-28.6,-0.1,gateska01
158,Keyonte George,PG,20,UTA,55,1415,11.2,0.54,0.559,0.275,1.1,10.8,6,23.9,0.9,0.3,15.8,21.6,,0.4,0.3,0.7,0.024,,-0.9,-2.4,-3.3,-0.4,georgke01
159,Paul George,PF,33,LAC,54,1823,18.1,0.59,0.484,0.215,1.8,15.6,8.9,16.1,2.3,1,9.8,26.7,,2.5,2.3,4.7,0.124,,1.9,0.2,2,1.9,georgpa01
160,Taj Gibson,PF,38,NYK,16,165,3.1,0.335,0.261,0.087,6.7,12.2,9.4,6.7,0.6,3.4,17.3,7.5,,-0.1,0.2,0.1,0.017,,-7,-0.1,-7.1,-0.2,gibsota01
161,Josh Giddey,SG,21,OKC,59,1447,14.9,0.519,0.288,0.14,6.3,20.3,13.7,23.9,1.3,2.1,15.4,22.5,,0.2,2.1,2.3,0.075,,0,0.2,0.2,0.8,giddejo01
162,Harry Giles,C,25,BRK,16,81,18.2,0.543,0.25,0.295,15.6,19.4,17.4,12.6,0.6,3.3,10.8,29.6,,0,0.1,0.1,0.068,,-1.1,-1.7,-2.8,0,gilesha01
163,Shai Gilgeous-Alexander,PG,25,OKC,59,2037,30.7,0.648,0.167,0.44,2.9,14.6,9,31.1,2.9,2.5,8.1,32.9,,9.3,3.4,12.7,0.3,,7.4,2.7,10.1,6.2,gilgesh01
164,Anthony Gill,PF,31,WAS,32,173,11.7,0.544,0.26,0.4,8.4,15.9,12,10.5,1.9,2.8,20.3,17.8,,-0.1,0.1,0,0.01,,-3.3,-1.1,-4.4,-0.1,gillan01
165,Collin Gillespie,PG,24,DEN,19,161,11.3,0.639,0.533,0.178,0.7,7.4,4.1,12.9,3.1,0,17.1,15.8,,0.1,0.2,0.3,0.085,,-3.6,1.3,-2.3,0,gilleco01
166,Jacob Gilyard,PG,25,MEM,37,654,11.5,0.597,0.833,0.014,1.3,6.1,3.6,28.5,2,0.7,16.7,11.5,,0.8,0.6,1.4,0.104,,-1.5,0.2,-1.4,0.1,gilyaja01
167,Rudy Gobert,C,31,MIN,59,1988,18.7,0.664,0.006,0.632,13,29,21.5,5.3,0.8,5.5,12.8,15.4,,4.1,4.7,8.8,0.211,,-0.1,1.8,1.6,1.8,goberru01
168,Jordan Goodwin,PG,25,TOT,45,706,12,0.463,0.396,0.163,8.3,14.2,11.4,19.8,2.3,1.9,13.2,18.1,,-0.1,0.9,0.8,0.054,,-1.8,0.6,-1.2,0.1,goodwjo01
168,Jordan Goodwin,PG,25,PHO,40,558,12.4,0.481,0.415,0.15,8.6,14.7,11.8,18.8,2,1.4,12.4,18.1,,0.2,0.6,0.8,0.069,,-1.4,0.3,-1,0.1,goodwjo01
168,Jordan Goodwin,PG,25,MEM,5,148,10.7,0.389,0.319,0.213,7.2,12.3,9.7,23.6,3.3,3.8,16.3,17.9,,-0.2,0.2,0,-0.002,,-3.4,1.5,-1.9,0,goodwjo01
169,Aaron Gordon,PF,28,DEN,55,1734,16.7,0.605,0.188,0.369,8.7,14.3,11.6,13.8,1.3,1.8,11.3,18,,3.1,2,5,0.14,,0.9,0,0.9,1.3,gordoaa01
170,Eric Gordon,SG,35,PHO,50,1490,11.4,0.594,0.634,0.107,1.1,6.4,3.9,10.4,1.5,1.5,10.7,17,,1,1.1,2.1,0.067,,-0.8,-0.8,-1.6,0.2,gordoer01
171,Devonte' Graham,PG,28,SAS,12,99,13,0.522,0.733,0.267,2.2,15.6,8.7,25.1,1.4,0.9,8.2,15.5,,0.1,0.1,0.2,0.088,,-1.1,-0.1,-1.3,0,grahade01
172,Jerami Grant,PF,29,POR,52,1754,15.6,0.573,0.326,0.367,2.2,10.3,6,13.9,1.1,1.7,10.1,25.9,,1.7,1.1,2.8,0.076,,1,-1.1,-0.1,0.8,grantje01
173,A.J. Green,SG,24,MIL,40,366,12.5,0.64,0.863,0.084,1.8,10.4,6.3,8,0.4,0.5,3.6,16.5,,0.7,0.2,0.9,0.117,,1.1,-2,-0.9,0.1,greenaj01
174,Danny Green,SG,36,PHI,2,18,0.7,0,0.5,0,0,12.4,6.1,6.3,2.7,0,0,4.7,,0,0,0,-0.04,,-7.3,0.7,-6.6,0,greenda02
175,Draymond Green,PF,33,GSW,36,948,15,0.612,0.344,0.241,5.2,23.3,14.3,28.9,1.4,3,24.2,15.5,,1.2,1.2,2.4,0.122,,-0.1,2.9,2.8,1.1,greendr01
176,Jalen Green,SG,21,HOU,60,1834,13.5,0.526,0.44,0.281,1.5,15.7,8.6,17,1.2,1,11.4,27.1,,-0.6,2.2,1.6,0.041,,-0.5,-0.6,-1.2,0.4,greenja05
177,Jeff Green,PF,37,HOU,58,960,10.3,0.594,0.364,0.5,3.8,10,6.9,7.1,0.5,2.4,11.9,14.8,,0.8,0.9,1.8,0.088,,-2.5,-0.1,-2.6,-0.1,greenje02
178,Josh Green,SG,23,DAL,48,1314,10.4,0.604,0.511,0.152,2.8,10.7,6.7,11.6,1.5,0.5,13.1,13.1,,1.1,0.8,1.9,0.071,,-1.9,-0.5,-2.4,-0.1,greenjo02
179,AJ Griffin,SF,20,ATL,18,132,1.8,0.403,0.733,0.044,1.6,10.2,5.7,3.8,0.4,0.7,11.6,16.1,,-0.3,0,-0.3,-0.098,,-5.5,-3.3,-8.8,-0.2,griffaj01
180,Quentin Grimes,SG,23,TOT,49,989,9,0.527,0.736,0.118,1.6,9.3,5.4,8.2,1.7,0.6,7.3,15.4,,0.4,0.9,1.3,0.064,,-2.4,0.4,-2,0,grimequ01
180,Quentin Grimes,SG,23,NYK,45,910,9.4,0.543,0.741,0.119,1.7,9.1,5.4,7.8,1.6,0.3,6.5,15.1,,0.6,0.8,1.5,0.079,,-2,0.4,-1.6,0.1,grimequ01
180,Quentin Grimes,SG,23,DET,4,79,4.7,0.358,0.679,0.107,0,11.6,5.7,13,2.4,4.2,14.6,18.4,,-0.2,0.1,-0.2,-0.099,,-6.6,0,-6.5,-0.1,grimequ01
181,Mouhamadou Gueye,PF,25,TOR,1,6,23.5,0.333,0,0,35.9,18.6,27.4,0,0,29,0,21.3,,0,0,0,0.115,,-0.4,1.7,1.2,0,gueyemo01
182,Mouhamed Gueye,PF,21,ATL,2,4,-0.6,0,1,0,0,0,0,0,11.9,0,0,10.3,,0,0,0,-0.111,,-12.6,3.6,-9,0,gueyemo02
183,Rui Hachimura,PF,25,LAL,48,1210,14,0.609,0.342,0.215,3.7,12.8,8.4,5.8,1.3,1.1,6.6,18.5,,1.2,1,2.2,0.088,,-1,-1,-2,0,hachiru01
184,Ashton Hagans,PG,24,POR,9,141,8.2,0.501,0.242,0.273,3.8,11.1,7.2,22,1.4,3.9,24.5,14.8,,-0.1,0.1,0,0.008,,-4.9,1.2,-3.7,-0.1,haganas01
185,Tyrese Haliburton,PG,23,IND,49,1566,24.1,0.609,0.499,0.219,2.1,11.5,6.8,47.9,1.6,1.6,11.8,25.3,,5.8,0.8,6.6,0.202,,7.9,-0.8,7.1,3.6,halibty01
186,R.J. Hampton,PG,22,MIA,8,76,0.8,0.336,0.571,0.143,2.9,6,4.5,13.6,0,0,16.8,10.4,,-0.1,0,-0.1,-0.042,,-8.2,-1.5,-9.6,-0.1,hamptrj01
187,Tim Hardaway Jr.,SF,31,DAL,58,1686,12.6,0.554,0.608,0.18,1.2,12.3,6.7,8.2,0.8,0.3,6.2,23.2,,0.9,0.8,1.7,0.048,,-0.2,-2.6,-2.8,-0.4,hardati02
188,James Harden,PG,34,LAC,54,1864,19.3,0.636,0.594,0.442,1.6,14.7,8.3,32.3,1.6,2.4,15.9,20.5,,5,2.1,7.1,0.182,,4.3,0.7,5,3.3,hardeja01
189,Jaden Hardy,SG,21,DAL,54,801,11.5,0.515,0.497,0.137,2,11.8,6.9,15.3,1,0.4,8.9,23.9,,-0.2,0.4,0.3,0.016,,-1.4,-2.4,-3.8,-0.4,hardyja02
190,Ron Harper Jr.,PF,23,TOR,1,4,0,,,,0,0,0,28.1,0,0,,0,,0,0,0,0.096,,-11.7,3.1,-8.7,0,harpero02
191,Gary Harris,SG,29,ORL,38,872,10.7,0.6,0.684,0.165,2.4,6.3,4.3,10.6,1.9,1.2,7.7,12.3,,1.1,1,2.1,0.117,,-1.4,1.2,-0.2,0.4,harriga01
192,Joe Harris,SG,32,DET,16,170,4.6,0.489,0.769,0.051,1.9,6.7,4.3,7.5,0.8,1,9.1,10.9,,0,0,0,-0.003,,-4.7,-1.1,-5.9,-0.2,harrijo01
193,Kevon Harris,SG,26,ORL,2,6,11.1,0.667,0,0,0,39,19.4,32.7,0,0,25,28.9,,0,0,0,0.036,,-15.6,-0.3,-15.8,0,harrike01
194,Tobias Harris,PF,31,PHI,54,1826,16.9,0.591,0.262,0.237,3.5,16.6,10,14,1.5,1.5,8.3,20.6,,2.9,1.8,4.8,0.125,,1.4,-0.3,1,1.4,harrito02
195,Shaquille Harrison,SG,30,MEM,3,6,15.8,0.5,0,0,0,38,18.4,0,0,15.4,0,14.4,,0,0,0,0.088,,-0.7,5.3,4.5,0,harrish01
196,Josh Hart,SF,28,NYK,60,1873,11.2,0.518,0.414,0.166,4.9,22.3,13.6,15,1.4,0.9,13.6,13.3,,1.1,2.4,3.5,0.09,,-1.5,1.3,-0.3,0.8,hartjo01
197,Isaiah Hartenstein,C,25,NYK,55,1384,17.3,0.647,0.012,0.43,14.6,22.7,18.7,11.5,2.2,3.9,18,11.2,,2.9,2.4,5.3,0.182,,-0.1,2.3,2.2,1.5,harteis01
198,Sam Hauser,SF,26,BOS,59,1243,11.6,0.635,0.867,0.047,3.2,13.3,8.5,5.6,0.9,1.1,7.1,13.8,,1.7,1.5,3.2,0.125,,0.6,0.1,0.7,0.9,hausesa01
199,Jordan Hawkins,SG,21,NOP,54,1065,10.9,0.549,0.661,0.178,2.9,11.4,7.2,8.3,0.8,0.5,7.7,19.9,,0.6,0.9,1.5,0.067,,-0.7,-1.6,-2.3,-0.1,hawkijo01
200,Jaxson Hayes,C,23,LAL,51,569,13.7,0.69,0.06,0.402,8.4,15.8,12.2,5.1,2.1,3.1,13.8,12.1,,0.8,0.7,1.6,0.132,,-3,1.2,-1.9,0,hayesja02
201,Killian Hayes,PG,22,DET,42,1008,10.4,0.474,0.261,0.177,1.2,12.3,6.6,27.1,1.7,1.7,14.3,14.9,,0,0.6,0.6,0.028,,-2.9,0.2,-2.7,-0.2,hayeski01
202,Gordon Hayward,SF,33,TOT,31,886,13.1,0.528,0.191,0.263,3.8,14,8.7,20.3,1.5,1.2,12.7,20.1,,0.1,0.5,0.6,0.035,,-1.7,-0.8,-2.5,-0.1,haywago01
202,Gordon Hayward,SF,33,CHO,25,798,14.1,0.544,0.205,0.273,3.4,13.4,8.2,21.8,1.7,1.4,13.3,21,,0.3,0.4,0.7,0.041,,-1.3,-0.6,-1.9,0,haywago01
202,Gordon Hayward,SF,33,OKC,6,88,4.5,0.308,0,0.13,8,19.3,13.9,6.6,0,0,3.9,12.5,,-0.1,0.1,0,-0.017,,-5.6,-2.5,-8.1,-0.1,haywago01
203,Scoot Henderson,PG,19,POR,43,1160,8.9,0.484,0.332,0.292,3.5,9.3,6.2,27,1,0.8,18.2,25.6,,-1.6,0.6,-1,-0.043,,-3.9,-2.5,-6.3,-1.3,hendesc01
204,Taylor Hendricks,PF,20,UTA,22,387,10.3,0.535,0.584,0.097,7.7,17.4,12.6,4.1,1.7,3,12.6,14.5,,0,0.3,0.3,0.043,,-2.8,-1,-3.8,-0.2,hendrita01
205,Tyler Herro,SG,24,MIA,36,1209,15.3,0.549,0.452,0.122,1.7,16.4,8.9,22.1,1.2,0.2,10.1,27.8,,0,1.3,1.4,0.055,,1.4,-0.8,0.6,0.8,herroty01
206,Buddy Hield,SF-SG,31,TOT,62,1674,13.1,0.586,0.684,0.057,2.7,11,6.8,15,1.5,1.6,10.9,18.7,,1.5,0.9,2.4,0.07,,1,-0.8,0.2,0.9,hieldbu01
206,Buddy Hield,SF,31,IND,52,1336,13,0.586,0.691,0.064,2.9,11.5,7.1,13,1.5,1.8,10.4,18.5,,1.1,0.7,1.8,0.064,,0.9,-0.9,0.1,0.7,hieldbu01
206,Buddy Hield,SG,31,PHI,10,338,13.6,0.587,0.659,0.03,1.9,8.9,5.4,23.2,1.6,0.5,12.4,19.3,,0.4,0.2,0.7,0.093,,1.2,-0.5,0.6,0.2,hieldbu01
207,Haywood Highsmith,PF,27,MIA,44,920,10,0.56,0.595,0.118,4.6,10.7,7.6,6.5,2.3,2.5,10.1,12.4,,0.4,1.3,1.7,0.087,,-2.6,1.3,-1.3,0.2,highsha01
208,Nate Hinton,SG,24,HOU,11,58,19.1,0.698,0.55,0.25,5.5,16.6,11,15.3,1.7,3.2,8.3,17.7,,0.2,0.1,0.3,0.228,,3.3,2.1,5.4,0.1,hintona01
209,D'Moi Hodge,SG,25,LAL,7,41,6.1,0.441,0.8,0.133,0,0,0,15.6,1.2,2.1,5.9,17.8,,0,0,0,-0.024,,-3.9,-2.6,-6.5,0,hodgedm01
210,Aaron Holiday,PG,27,HOU,57,974,11.2,0.589,0.534,0.145,1.7,9,5.4,15.2,1.5,0.5,12,16.4,,0.8,1,1.9,0.091,,-1.8,0.5,-1.3,0.2,holidaa01
211,Jrue Holiday,PG,33,BOS,55,1817,14.6,0.598,0.445,0.121,4.4,13.4,9.2,19.4,1.3,2,14.5,16.5,,2.7,2.5,5.2,0.138,,1.1,1.2,2.2,2,holidjr01
212,Justin Holiday,SG,34,DEN,38,549,9.5,0.611,0.711,0.033,1.2,8.1,4.8,8.5,2.2,0.5,6.8,10.4,,0.6,0.6,1.1,0.1,,-2.8,1,-1.8,0,holidju01
213,Richaun Holmes,C-PF,30,TOT,30,312,13.5,0.575,0.012,0.306,13.9,20.8,17.3,6.8,0.6,3,14.2,15.3,,0.3,0.3,0.6,0.093,,-2.7,-0.9,-3.5,-0.1,holmeri01
213,Richaun Holmes,C,30,DAL,23,237,13.9,0.572,0,0.356,15.2,20.9,18,8.3,0.6,3.3,15,14.5,,0.3,0.2,0.5,0.11,,-2.3,-0.8,-3.1,-0.1,holmeri01
213,Richaun Holmes,PF,30,WAS,7,75,12.2,0.585,0.038,0.192,9.7,20.5,14.9,1.9,0.6,2.2,12.4,18,,0,0,0.1,0.038,,-3.8,-1.2,-5.1,-0.1,holmeri01
214,Chet Holmgren,C,21,OKC,60,1812,21.1,0.645,0.361,0.274,6.2,21.7,14.3,12.6,1.1,7.8,11.1,21.5,,3.8,3.3,7.1,0.187,,2.4,1.9,4.3,2.9,holmgch01
215,Jalen Hood-Schifino,SG,20,LAL,19,103,-0.5,0.337,0.317,0.439,2.3,10.4,6.5,9.6,1.4,1.7,15.5,24.3,,-0.5,0.1,-0.4,-0.202,,-11.8,-3.2,-14.9,-0.3,hoodsja01
216,Al Horford,C,37,BOS,50,1342,14.3,0.633,0.625,0.066,5.2,20.3,13.2,12.9,1,3.4,10.1,11.2,,2.5,2.2,4.7,0.169,,1.4,2.4,3.8,2,horfoal01
217,Talen Horton-Tucker,PG,23,UTA,38,756,14,0.51,0.372,0.253,2.9,11.3,7.2,27.6,2.3,1.5,12.4,23.9,,0.3,0.5,0.9,0.055,,-0.5,0,-0.5,0.3,hortota01
218,Danuel House Jr.,SF,30,PHI,34,509,8.5,0.575,0.476,0.438,3.4,9.2,6.3,7,1.4,0.9,13.2,12.1,,0.3,0.4,0.6,0.061,,-3.4,-0.6,-4,-0.3,houseda01
219,Caleb Houstan,SF,21,ORL,44,664,8.7,0.592,0.936,0.129,4,9,6.5,5.3,0.9,0.4,7.7,12.8,,0.6,0.6,1.3,0.091,,-1,-0.6,-1.6,0,houstca01
220,Jett Howard,SF,20,ORL,13,49,7.8,0.484,0.773,0.182,2.4,9.6,5.9,9,0,1.9,7.8,22.8,,0,0,0,-0.002,,-1.4,-2.3,-3.7,0,howarje01
221,Kevin Huerter,SG,25,SAC,57,1443,12.6,0.574,0.612,0.09,2.6,14,8.2,14,1.2,1.3,8,17.5,,1.5,1.1,2.6,0.085,,-0.1,-0.7,-0.8,0.4,huertke01
222,Jay Huff,C,25,DEN,12,34,15.1,0.715,0.727,0.182,3.3,25.6,14.7,4,1.5,0,7.8,16.5,,0.1,0,0.1,0.175,,-0.5,-0.4,-0.9,0,huffja01
223,De'Andre Hunter,SF,26,ATL,36,1018,13.8,0.627,0.438,0.339,2.2,12.7,7.3,6.3,1.3,1,10.1,19.6,,1.5,0.3,1.8,0.086,,-0.2,-1.2,-1.4,0.1,huntede01
224,Matthew Hurt,PF,23,MEM,6,86,10.2,0.513,0.52,0.12,6.2,6.6,6.4,6.8,1.1,3.2,3.7,13.7,,0.1,0.1,0.1,0.07,,-1.7,0.1,-1.6,0,hurtma01
225,Bones Hyland,PG,23,LAC,21,281,6.4,0.444,0.523,0.092,1.3,5.5,3.4,20.4,1.7,0.6,15.1,24.7,,-0.6,0.2,-0.4,-0.064,,-5.4,-2,-7.4,-0.4,hylanbo01
226,Joe Ingles,SF,36,ORL,47,813,10.5,0.574,0.682,0.117,2.3,12.5,7.4,22.7,1.9,0.5,18.9,12.4,,0.7,1.1,1.7,0.101,,-1.7,1.2,-0.4,0.3,inglejo01
227,Brandon Ingram,SF,26,NOP,55,1832,18.6,0.58,0.24,0.314,2.4,14.2,8.4,26.8,1.2,1.8,12.3,27.7,,2.6,2.1,4.7,0.123,,1.8,-0.3,1.5,1.6,ingrabr01
228,Kyrie Irving,SG,31,DAL,39,1336,22.3,0.6,0.357,0.181,2.4,13.9,8.1,24.2,1.7,1.2,7.2,28.8,,3.2,1.1,4.3,0.154,,5.2,-0.3,4.9,2.3,irvinky01
229,Jonathan Isaac,PF,26,ORL,41,603,17.5,0.565,0.349,0.323,9.8,23.3,16.5,4.6,2.4,7.1,9.1,17.3,,0.6,1.3,1.9,0.152,,-0.1,2.1,2,0.6,isaacjo01
230,Jaden Ivey,SG,21,DET,56,1563,13,0.55,0.37,0.343,4.8,9.4,7.1,19.2,1.2,1.7,14.7,24.3,,0.2,0.5,0.7,0.022,,-1.1,-1.7,-2.9,-0.4,iveyja01
231,Andre Jackson Jr.,SG,22,MIL,47,500,9,0.626,0.46,0.126,8.1,12.1,10.1,10.8,1.3,0.7,18.6,9.7,,0.6,0.4,1,0.099,,-3.1,0,-3.1,-0.1,jacksan01
232,GG Jackson II,PF,19,MEM,28,575,13.7,0.559,0.496,0.302,5.2,13.9,9.4,5.7,1.2,2.6,9.5,23.7,,0,0.6,0.6,0.048,,-0.6,-1.5,-2.2,0,jacksgg01
233,Isaiah Jackson,C,22,IND,46,631,21.1,0.685,0.02,0.434,12.9,22.1,17.5,8.3,2.2,6.3,12.9,17.9,,1.6,0.8,2.5,0.187,,-0.2,1.4,1.3,0.5,jacksis01
234,Jaren Jackson Jr.,C,24,MEM,54,1723,17.2,0.559,0.329,0.364,4,15.4,9.5,12.2,1.7,4.4,10.6,30.4,,0,2.4,2.4,0.067,,-0.1,0.4,0.3,1,jacksja02
235,Justin Jackson,SF,28,MIN,2,1,0,,,,0,0,0,0,0,0,,0,,0,0,0,0.037,,-6.5,-1.2,-7.7,0,jacksju01
236,Reggie Jackson,PG,33,DEN,61,1391,12.1,0.532,0.371,0.119,1.9,7.7,4.9,23.3,1.2,0.6,11.7,21,,0.7,1.1,1.8,0.062,,-1.5,-1.3,-2.8,-0.3,jacksre01
237,Trayce Jackson-Davis,PF,23,GSW,47,614,21.3,0.684,0,0.437,13.9,19.1,16.5,10.5,1,5.7,11.7,17.5,,1.7,0.8,2.5,0.195,,1,0.8,1.8,0.6,jackstr02
238,LeBron James,PF,39,LAL,54,1895,23,0.616,0.299,0.291,2.8,18.8,11.1,35.8,1.7,1.5,13.6,29.3,,3.6,2.1,5.7,0.144,,5.4,0.8,6.2,3.9,jamesle01
239,Jaime Jaquez Jr.,SF,22,MIA,54,1594,12.6,0.573,0.279,0.242,4.8,10.3,7.5,13.3,1.9,0.7,13.1,19.1,,0.8,1.9,2.6,0.079,,-2.4,0,-2.4,-0.2,jaqueja01
240,DaQuan Jeffries,SG,26,NYK,13,34,2.2,0.37,0.5,0.143,0,16.5,8.2,8.3,0,0,6.3,20,,-0.1,0,-0.1,-0.094,,-7,-2.7,-9.7,-0.1,jeffrda01
241,Trey Jemison,C,24,TOT,10,171,9.4,0.524,0,0.231,10.6,13.3,11.9,6.8,1.1,5.4,18.9,13.4,,0,0.2,0.2,0.05,,-6.9,-0.1,-7.1,-0.2,jemistr01
241,Trey Jemison,C,24,WAS,2,1,-35.8,,,,0,100,53.3,0,0,0,100,41.8,,0,0,0,-1.195,,-30.3,-3.6,-34,0,jemistr01
241,Trey Jemison,C,24,MEM,8,170,9.7,0.524,0,0.231,10.6,12.7,11.7,6.9,1.1,5.4,17.3,13.2,,0,0.2,0.2,0.058,,-6.8,-0.1,-6.9,-0.2,jemistr01
242,Ty Jerome,SG,26,CLE,2,15,7.6,0.5,0.25,0,7.5,0,3.7,26.9,0,0,20,14.5,,0,0,0,0.049,,-4.2,-0.6,-4.8,0,jeromty01
243,Isaiah Joe,SG,24,OKC,56,1038,13.6,0.642,0.736,0.115,2.5,10.8,6.9,7.9,1.6,1.3,8.7,16.8,,1.4,1.2,2.6,0.119,,1.3,-0.2,1.1,0.8,joeis01
244,Cameron Johnson,PF,27,BRK,47,1314,14.9,0.586,0.562,0.16,3.9,13.7,8.7,13.3,1.5,0.8,7.5,19.6,,1.8,1,2.8,0.104,,1.3,-0.5,0.9,1,johnsca02
245,Jalen Johnson,SF,22,ATL,46,1572,15.6,0.586,0.28,0.216,4.1,24.1,13.7,13.7,1.6,2.3,11.7,18.1,,1.7,1.3,3,0.091,,-0.1,0.6,0.6,1,johnsja05
246,James Johnson,PF,36,IND,6,32,10.6,0.436,0.167,0.333,3.5,10.8,7.1,20.6,5.9,2.5,22.5,11.6,,0,0.1,0,0.071,,-5.4,4.3,-1.1,0,johnsja01
247,Keldon Johnson,SF,24,SAS,57,1683,14,0.555,0.406,0.251,4.9,15.1,9.9,15,1.3,0.9,9.7,22.4,,0.9,1,1.9,0.055,,-0.7,-1.6,-2.2,-0.1,johnske04
248,Keon Johnson,SG,21,BRK,4,51,15.2,0.598,0.474,0.526,6.2,4.4,5.3,8.1,2.9,1.8,14.6,23.1,,0.1,0,0.1,0.098,,0.4,-0.8,-0.4,0,johnske07
249,Keyontae Johnson,SF,23,OKC,9,66,1.6,0.344,0.188,0,7.1,9.6,8.4,7.1,0.7,0,20,13.1,,-0.1,0.1,-0.1,-0.068,,-7.6,-2.3,-10,-0.1,johnske08
250,Nikola Jokić,C,28,DEN,59,2005,31.4,0.649,0.17,0.311,9.6,30,20,44.3,1.8,2.3,12.7,29.3,,9,3.6,12.6,0.301,,9.4,4.5,13.8,8.1,jokicni01
251,Colby Jones,SG,21,SAC,17,121,6.4,0.384,0.283,0.109,9.1,14.4,11.7,10.8,1.6,0.7,9.4,18.7,,-0.2,0.1,-0.1,-0.039,,-6.4,-1.3,-7.7,-0.2,jonesco02
252,Damian Jones,C,28,CLE,25,150,12.9,0.624,0.219,0.344,6.8,17.3,12.2,10.5,1,5.9,19.6,13.3,,0.1,0.3,0.4,0.126,,-3.2,2.7,-0.5,0.1,jonesda03
253,Derrick Jones Jr.,SF,26,DAL,56,1355,12.1,0.602,0.501,0.262,5,11.3,8.1,5.2,1.4,2.5,10.5,15,,1.2,1,2.3,0.08,,-0.9,-0.6,-1.5,0.2,jonesde02
254,Herbert Jones,SF,25,NOP,56,1646,13.9,0.646,0.443,0.26,4.2,9.5,6.9,11,2.1,2.6,11.8,14.6,,2.7,2.1,4.8,0.139,,-0.4,1.3,0.9,1.2,joneshe01
255,Mason Jones,SG,25,SAC,1,13,7.5,0.129,0.667,0.667,8.5,26.8,17.4,33.9,0,0,0,12.7,,0,0,0,-0.022,,-4,-0.3,-4.3,0,jonesma05
256,Tre Jones,PG,24,SAS,56,1479,14.7,0.596,0.306,0.211,2.7,10.8,6.7,30.4,1.7,0.4,15.1,15.3,,2.3,0.8,3.1,0.102,,-0.6,-0.5,-1,0.4,jonestr01
257,Tyus Jones,PG,27,WAS,60,1750,16.6,0.578,0.368,0.062,1.1,9.1,4.9,34.1,1.8,0.7,8.6,16.4,,3.4,0.5,4,0.109,,1.4,-0.7,0.7,1.2,jonesty01
258,DeAndre Jordan,C,35,DEN,29,327,16.1,0.605,0,0.645,16.7,27.9,22.5,8,0.8,3.4,16.3,15.5,,0.4,0.5,1,0.141,,-1.9,-0.4,-2.2,0,jordade01
259,Cory Joseph,PG,32,GSW,26,296,6.1,0.47,0.656,0.109,2.2,8.7,5.4,17.4,0.7,0.9,15.2,11.2,,0,0.2,0.2,0.031,,-4.1,-0.7,-4.8,-0.2,josepco01
260,Nikola Jović,PF,20,MIA,26,444,11.3,0.559,0.535,0.202,4.5,22.7,13.5,15.8,1.1,1.7,15.1,16.5,,0.1,0.6,0.7,0.078,,-1.9,1.3,-0.7,0.1,jovicni01
261,Johnny Juzang,SG,22,UTA,3,9,-14.7,0,1,0,0,0,0,12.7,0,0,0,18.4,,-0.1,0,-0.1,-0.393,,-18.8,-8.7,-27.5,-0.1,juzanjo01
262,Luke Kennard,SG,27,MEM,30,745,13,0.643,0.769,0.166,1.3,11.6,6.3,17.9,1,0.1,11.2,16,,1.1,0.6,1.7,0.108,,0.4,-0.6,-0.2,0.3,kennalu01
263,Walker Kessler,C,22,UTA,51,1189,18.4,0.657,0.065,0.276,12.1,22.7,17.4,5.2,1,10.2,13.9,13.3,,1.8,1.6,3.4,0.138,,-0.5,1.8,1.2,1,kesslwa01
264,Braxton Key,SF,26,DEN,17,55,13,0.456,0.25,0.375,6.2,21.8,14.2,18.1,1.8,1.6,5.1,15.5,,0,0.1,0.1,0.111,,-1.7,1,-0.8,0,keybr01
265,Corey Kispert,SF,24,WAS,58,1324,13,0.617,0.61,0.192,1.5,10.6,5.9,10.7,0.9,0.7,10.1,20.4,,1,0.2,1.2,0.042,,0,-2,-2.1,0,kispeco01
266,Maxi Kleber,C,32,DAL,24,534,8.3,0.564,0.592,0.296,3.5,14.2,8.8,9.6,0.7,2.6,15.3,10.5,,0.3,0.4,0.6,0.056,,-2.6,0.1,-2.5,-0.1,klebima01
267,Kevin Knox,SF,24,DET,31,560,9.8,0.57,0.505,0.118,3.5,11.7,7.5,5.8,1.1,1,10.1,16.4,,0.2,0.2,0.3,0.029,,-2.7,-1.9,-4.6,-0.4,knoxke01
268,John Konchar,SF,27,MEM,46,894,11.7,0.52,0.569,0.096,6.5,18.1,12.1,12.8,2.2,4.6,14.7,9.8,,0.4,1.4,1.8,0.097,,-2.5,2.4,-0.1,0.4,konchjo01
269,Furkan Korkmaz,SG,26,PHI,35,300,9.2,0.519,0.526,0.263,1.5,9.7,5.5,10.7,2.3,0.9,10.5,13.5,,0,0.3,0.3,0.052,,-3.1,0.3,-2.7,-0.1,korkmfu01
270,Luke Kornet,C,28,BOS,43,627,18.8,0.729,0,0.273,14.1,14,14,7.5,1.3,5.8,10.6,11.1,,2,1.1,3.1,0.236,,1.1,2.2,3.2,0.8,kornelu01
271,Vit Krejci,PG,23,ATL,1,2,0,,,,0,0,0,0,0,0,,0,,0,0,0,-0.021,,-8.2,-2.9,-11.1,0,krejcvi01
272,Jonathan Kuminga,PF,21,GSW,59,1513,16.8,0.596,0.202,0.363,5.6,14.3,10,12.3,1.2,1.6,10.9,23.9,,2,1.4,3.4,0.107,,0,-0.5,-0.5,0.6,kuminjo01
273,Kyle Kuzma,PF,28,WAS,58,1850,15.9,0.548,0.361,0.163,3.3,19.1,11,20,0.7,1.8,11.6,30,,-0.8,0.8,0,0,,0.6,-1.8,-1.1,0.4,kuzmaky01
274,Jock Landale,C,28,HOU,34,305,11.3,0.449,0.237,0.289,14.9,11.6,13.3,9.6,1.3,3.9,12.3,13.6,,0.1,0.4,0.5,0.082,,-3.1,0.2,-3,-0.1,landajo01
275,Jake LaRavia,PF,22,MEM,16,225,8,0.469,0.531,0.272,6.1,10.6,8.3,9.3,1.1,1.2,9,19.1,,-0.2,0.2,0,0.007,,-4.4,-1.1,-5.5,-0.2,laravja01
276,Zach LaVine,SG,28,CHI,25,872,15.1,0.578,0.449,0.274,1,15.9,8.2,17.1,1.2,1,11,23.8,,0.8,0.8,1.5,0.084,,0.7,-0.6,0.1,0.5,lavinza01
277,A.J. Lawson,SG,23,DAL,28,231,12.7,0.562,0.471,0.224,5.7,10,7.8,7.8,1.9,1.1,9.7,19.1,,0.1,0.2,0.3,0.062,,-1.9,-1.4,-3.3,-0.1,lawsoaj01
278,Saben Lee,PG,24,PHO,18,145,16.1,0.54,0.31,0.833,5.8,14,10.1,20.8,2.3,1.8,10.9,19.1,,0.2,0.2,0.4,0.135,,-0.7,1.4,0.7,0.1,leesa01
279,Alex Len,C,30,SAC,25,218,15.7,0.575,0.061,0.347,15.7,22.4,18.9,13.6,1.8,5.3,21,14,,0.2,0.3,0.5,0.12,,-2.2,1.6,-0.6,0.1,lenal01
280,Kawhi Leonard,SF,32,LAC,54,1857,23.6,0.631,0.296,0.247,4.2,15.9,10.2,17,2.4,2.2,8.3,26.5,,5.1,2.5,7.6,0.197,,5.1,1,6.2,3.8,leonaka01
281,Caris LeVert,SG,29,CLE,48,1329,14.5,0.521,0.406,0.233,2.2,12.9,7.7,24.5,1.6,1.5,9.9,23.6,,0.8,1.9,2.7,0.096,,-0.5,0.6,0.1,0.7,leverca01
282,Kira Lewis Jr.,PG,22,TOT,19,153,6.6,0.391,0.389,0.204,3.6,7.2,5.4,17.7,1.9,0.6,12,18.8,,-0.2,0.2,-0.1,-0.025,,-6,-0.7,-6.7,-0.2,lewiski01
282,Kira Lewis Jr.,PG,22,NOP,15,144,5.7,0.387,0.385,0.212,3.1,7.6,5.4,16,1.7,0.7,12.3,19.4,,-0.3,0.1,-0.1,-0.042,,-6.4,-1,-7.4,-0.2,lewiski01
282,Kira Lewis Jr.,PG,22,TOR,1,2,-7.3,,,,0,0,0,0,0,0,,0,,0,0,0,-0.003,,-22.1,0,-22.1,0,lewiski01
282,Kira Lewis Jr.,PG,22,UTA,3,7,29.1,0.5,0.5,0,15.8,0,7.8,58.3,6.9,0,0,11.9,,0,0,0,0.322,,7,5.2,12.2,0,lewiski01
283,Maxwell Lewis,SF,21,LAL,20,70,-1.7,0.292,0.25,0,1.7,3,2.4,5,1.4,0,29.4,10.5,,-0.2,0,-0.2,-0.13,,-8.9,-2.4,-11.3,-0.2,lewisma05
284,E.J. Liddell,PF,23,NOP,8,23,4.3,0.291,0.833,0.333,0,23.8,12,5.1,4.2,8.5,22.5,16.6,,-0.1,0.1,0,-0.087,,-8.6,4.1,-4.6,0,liddeej01
285,Damian Lillard,PG,33,MIL,56,1949,19.6,0.59,0.489,0.42,1.7,11.7,6.9,27.7,1.4,0.5,11.2,28.4,,4.4,1.6,6,0.147,,3.2,-1.3,1.9,1.9,lillada01
286,Nassir Little,SF,23,PHO,34,426,9.8,0.579,0.561,0.187,3.9,14.3,9.4,5.8,1.1,2.1,10.1,13,,0.3,0.4,0.7,0.077,,-2.5,-0.4,-2.9,-0.1,littlna01
287,Dereck Lively II,C,19,DAL,43,1070,17.9,0.732,0.009,0.302,11.8,20.2,16,6.5,1.4,5.3,14.1,12.2,,2.6,1.3,3.9,0.175,,-0.4,0.5,0.1,0.6,livelde01
288,Isaiah Livers,PF,25,DET,23,469,5.1,0.46,0.664,0.155,3.5,8.1,5.7,6.8,1.3,0.9,11.4,12.6,,-0.3,0.1,-0.2,-0.019,,-5,-1.5,-6.5,-0.5,liveris01
289,Chris Livingston,SF,20,MIL,16,69,5.8,0.504,0.188,0.125,3.3,20,11.9,9,1.4,0,19.2,12.9,,0,0.1,0,0.015,,-7.3,-0.7,-8,-0.1,livinch01
290,Kenneth Lofton Jr.,PF,21,TOT,17,108,6,0.413,0.279,0.349,2,16.8,9.2,19.8,1.4,2.6,13.9,23,,-0.3,0.1,-0.2,-0.07,,-6.9,0,-6.9,-0.1,loftoke01
290,Kenneth Lofton Jr.,PF,21,MEM,15,99,8.3,0.447,0.27,0.405,2.1,15,8.3,21.6,1.5,2.8,12.1,21.6,,-0.1,0.1,0,-0.013,,-5.4,0.9,-4.5,-0.1,loftoke01
290,Kenneth Lofton Jr.,PF,21,PHI,2,9,-19.7,0.167,0.333,0,0,37.3,18.4,0,0,0,25,38,,-0.1,0,-0.1,-0.702,,-23.3,-9.4,-32.7,-0.1,loftoke01
291,Kevon Looney,C,27,GSW,60,1027,14.8,0.615,0.005,0.352,13.2,24.5,18.8,15.1,1.1,1.9,16.5,10.9,,2.1,1.2,3.3,0.155,,-0.8,1.4,0.6,0.7,looneke01
292,Brook Lopez,C,35,MIL,58,1811,15,0.597,0.529,0.164,5.4,13.2,9.4,7.1,0.9,7.2,8,15.9,,2.2,2.3,4.6,0.121,,0.2,1.1,1.3,1.5,lopezbr01
293,Robin Lopez,C,35,MIL,16,65,6.5,0.453,0.421,0.105,5.2,3.3,4.2,7.7,0.7,3.8,9.1,14.4,,0,0,0,0.01,,-4.7,-1.3,-6,-0.1,lopezro01
294,Kevin Love,PF,35,MIA,47,822,18.6,0.606,0.695,0.341,6.8,33.7,20.1,19.3,1,1.1,9.8,20.9,,1.7,1.3,3,0.178,,3,1,4,1.3,loveke01
295,Kyle Lowry,PG,37,TOT,42,1176,11.2,0.583,0.651,0.184,2.8,11.5,7.1,20.3,1.9,1.3,16.7,13.2,,1,1.4,2.4,0.099,,-1.8,1.1,-0.8,0.4,lowryky01
295,Kyle Lowry,PG,37,MIA,37,1037,10.8,0.582,0.665,0.174,2.7,11.5,7,19.5,1.9,1.4,16.9,13.4,,0.7,1.3,2,0.094,,-2,1.2,-0.8,0.3,lowryky01
295,Kyle Lowry,PG,37,PHI,5,139,13.8,0.597,0.533,0.267,3.1,11.3,7.2,26.7,1.8,0.6,15.2,12.1,,0.3,0.1,0.4,0.135,,-0.5,0.1,-0.3,0.1,lowryky01
296,Seth Lundy,SF,23,ATL,9,52,0.1,0.373,0.765,0.235,2,12.9,7.2,0,0,0,5.1,15.6,,-0.1,0,-0.1,-0.092,,-7.9,-5.1,-12.9,-0.1,lundyse01
297,Trey Lyles,PF,28,SAC,44,871,11.8,0.612,0.709,0.228,5.4,20.4,12.7,7.5,0.7,1.3,10,14.2,,1,0.7,1.7,0.092,,-0.4,-0.9,-1.3,0.1,lylestr01
298,Théo Maledon,PG,22,TOT,17,213,3.2,0.385,0.429,0.214,2,10.9,6.3,17.7,1.6,0,19,19.4,,-0.6,0.1,-0.5,-0.119,,-8.4,-2.1,-10.5,-0.5,maledth01
298,Théo Maledon,PG,22,CHO,13,200,3.9,0.379,0.455,0.182,2.1,11,6.4,18.8,1.7,0,17.4,18.8,,-0.5,0.1,-0.4,-0.108,,-7.8,-1.8,-9.7,-0.4,maledth01
298,Théo Maledon,PG,22,PHO,4,13,-7.9,0.47,0,0.75,0,8.2,4.3,0,0,0,36.1,27.5,,-0.1,0,-0.1,-0.295,,-17.6,-6,-23.6,-0.1,maledth01
299,Sandro Mamukelashvili,C,24,SAS,33,213,14.7,0.522,0.479,0.239,9.5,19.1,14.2,18,1.3,3.2,9.3,17,,0.2,0.2,0.4,0.093,,-1.1,0.1,-1,0.1,mamuksa01
300,Terance Mann,SG,27,LAC,53,1341,11,0.581,0.433,0.175,6,9.5,7.8,9.4,1,0.7,8.2,13,,1.8,0.9,2.7,0.098,,-1.1,-0.6,-1.8,0.1,mannte01
301,Tre Mann,PG,22,TOT,23,420,13,0.541,0.41,0.129,2.4,17.8,9.9,22.5,2.2,0,14,17.7,,0.2,0.4,0.5,0.062,,-2.1,1,-1.2,0.1,manntr01
301,Tre Mann,PG,22,OKC,13,119,14.2,0.606,0.475,0.025,3.9,17.8,11.2,22.1,1.2,0,18.2,18,,0.1,0.1,0.3,0.102,,0.4,-0.4,0,0.1,manntr01
301,Tre Mann,PG,22,CHO,10,301,12.6,0.517,0.384,0.172,1.8,17.8,9.4,22.7,2.6,0,12.3,17.6,,0.1,0.2,0.3,0.047,,-3.1,1.5,-1.7,0,manntr01
302,Boban Marjanović,C,35,HOU,9,48,16.2,0.486,0.095,0.286,13.2,35.6,24.4,13,0,1.9,7.8,22.7,,0,0.1,0.1,0.087,,-1.8,-1.7,-3.5,0,marjabo01
303,Lauri Markkanen,PF,26,UTA,51,1677,21.4,0.634,0.5,0.306,7.6,19.8,13.7,9.6,1.3,1.3,6.7,24.6,,4.9,1.1,6,0.172,,5.1,-1.5,3.6,2.3,markkla01
304,Naji Marshall,SF,26,NOP,49,925,12.3,0.565,0.406,0.297,5.3,15.2,10.3,13.9,1.8,1.1,15,16.4,,0.6,1.2,1.8,0.093,,-1.6,0.3,-1.3,0.2,marshna01
305,Caleb Martin,SF,28,MIA,43,1159,11.6,0.554,0.376,0.189,5.1,14.4,9.7,11.5,1.3,1.4,11.5,17.3,,0.4,1.4,1.8,0.075,,-1.8,0.1,-1.7,0.1,martica02
306,Cody Martin,SF,28,CHO,28,753,9.1,0.46,0.4,0.153,2.7,13.9,8.1,18.9,2.1,2.2,16.1,15.9,,-0.7,0.5,-0.2,-0.011,,-4.2,0.6,-3.6,-0.3,martico01
307,KJ Martin,SF,23,TOT,43,488,9.4,0.57,0.169,0.246,4,13.5,8.7,8.5,1.7,1.1,13.8,13.3,,0.1,0.5,0.6,0.058,,-4.2,0,-4.2,-0.3,martike04
307,KJ Martin,SF,23,LAC,2,31,6.9,0.46,0.5,0.2,3.8,7.1,5.5,4.2,3.2,2.9,15.5,18.1,,-0.1,0,0,-0.029,,-7,0.6,-6.3,0,martike04
307,KJ Martin,SF,23,PHI,41,457,9.6,0.58,0.139,0.25,4.1,14,9,8.8,1.6,1,13.7,13,,0.2,0.4,0.6,0.064,,-4,0,-4,-0.2,martike04
308,Garrison Mathews,SG,27,ATL,44,561,6.5,0.63,0.912,0.132,1.8,9.4,5.5,4.4,0.9,0.6,11.1,9.9,,0.4,0.1,0.5,0.041,,-3.4,-0.9,-4.3,-0.3,mathega01
309,Bennedict Mathurin,SF,21,IND,58,1513,13,0.562,0.32,0.342,4.5,13.3,8.8,10,1.1,0.7,11.4,23.2,,0.7,0.5,1.3,0.04,,-1.2,-2.3,-3.5,-0.6,mathube01
310,Wesley Matthews,SG,37,ATL,22,246,6.3,0.475,0.771,0.417,1.7,13.2,7.2,6.3,1.9,2.1,9.6,10.5,,0,0.1,0.1,0.024,,-4.6,0.3,-4.3,-0.1,matthwe02
311,Tyrese Maxey,PG,23,PHI,55,2056,19.9,0.575,0.402,0.279,1.6,9.5,5.5,26.5,1.3,1.2,7,27.8,,4.7,1.5,6.2,0.146,,4.2,-1.2,3,2.6,maxeyty01
312,Skylar Mays,PG-SG,26,TOT,31,419,11.9,0.468,0.346,0.109,2.6,9.1,5.7,29.6,2,0.9,10.4,18.6,,0.1,0.3,0.4,0.044,,-2,-0.4,-2.4,0,mayssk01
312,Skylar Mays,PG,26,POR,21,356,11.9,0.457,0.355,0.123,2.7,9.5,5.9,31.9,1.9,0.8,11,19.5,,0,0.3,0.3,0.035,,-1.9,-0.5,-2.5,0,mayssk01
312,Skylar Mays,SG,26,LAL,10,63,11.9,0.556,0.278,0,1.8,6.8,4.4,16.7,2.3,1.4,5.3,13,,0.1,0.1,0.1,0.093,,-2.5,0.6,-1.8,0,mayssk01
313,Miles McBride,PG,23,NYK,48,676,13.1,0.571,0.557,0.106,2.1,6.1,4.1,12.4,2.1,0.6,6,18,,1,0.7,1.7,0.119,,-0.9,0.5,-0.4,0.3,mcbrimi01
314,CJ McCollum,PG,32,NOP,45,1421,17.9,0.592,0.534,0.152,2,13,7.6,20.9,1.6,2.3,8.8,23.7,,2.4,1.8,4.2,0.141,,3.1,0.3,3.3,1.9,mccolcj01
315,T.J. McConnell,PG,31,IND,51,900,19.9,0.578,0.057,0.128,3.6,13.8,8.7,41.7,2.8,0.4,16.2,21.5,,1.8,0.7,2.5,0.134,,2.1,0.1,2.2,1,mccontj01
316,Jaden McDaniels,SF,23,MIN,51,1486,9.4,0.593,0.406,0.104,3,7.3,5.3,6.6,1.5,1.8,12.8,15.3,,0.3,2.3,2.6,0.085,,-3.1,1,-2.1,0,mcdanja02
317,Jalen McDaniels,SF,26,TOR,35,300,4,0.41,0.505,0.187,3.2,12.3,7.7,7.3,1.8,0.9,13.5,19,,-0.7,0.2,-0.5,-0.08,,-7.6,-1.6,-9.2,-0.5,mcdanja01
318,Doug McDermott,SF,32,TOT,52,766,8.8,0.596,0.808,0.079,1.3,6,3.6,10.7,0.7,0.2,9.2,14.9,,0.4,0.1,0.5,0.032,,-1.5,-2.2,-3.7,-0.3,mcderdo01
318,Doug McDermott,SF,32,SAS,46,700,9.5,0.62,0.805,0.079,1.2,6.3,3.7,11,0.7,0.2,9.7,14.8,,0.5,0.1,0.6,0.043,,-1.1,-2,-3.1,-0.2,mcderdo01
318,Doug McDermott,SF,32,IND,6,66,2,0.382,0.833,0.083,1.7,3.5,2.6,7,0,0,3.9,16.3,,-0.1,0,-0.1,-0.088,,-5.9,-4.4,-10.2,-0.1,mcderdo01
319,JaVale McGee,C,36,SAC,39,310,18.7,0.634,0.034,0.371,13.2,28.1,20.4,6.7,1.4,5.5,18.7,22.8,,0.2,0.5,0.6,0.097,,-1.9,0.3,-1.6,0,mcgeeja01
320,Bryce McGowens,SG,21,CHO,48,761,9.5,0.58,0.453,0.349,2.3,11.3,6.6,8.2,1.2,0.8,10.1,14.1,,0.4,0.2,0.7,0.044,,-3.6,-0.9,-4.5,-0.5,mcgowbr01
321,Jordan McLaughlin,PG,27,MIN,37,329,14.7,0.548,0.576,0.094,3.7,9.1,6.6,25.8,3.7,1.6,12.8,13.6,,0.4,0.7,1.2,0.168,,0.6,4.2,4.8,0.6,mclaujo01
322,De'Anthony Melton,SG,25,PHI,36,1002,13.3,0.54,0.595,0.227,2.9,12.3,7.6,14.8,2.7,1.4,9.2,18,,0.8,1.2,2,0.094,,-0.5,1,0.5,0.6,meltode01
323,Nathan Mensah,C,25,CHO,25,307,5,0.496,0,0.429,10.1,13.6,11.8,3.7,1,4.2,29.6,6.7,,0,0.2,0.1,0.022,,-8.7,-0.1,-8.8,-0.5,mensana01
324,Sam Merrill,SG,27,CLE,42,662,15.4,0.641,0.876,0.046,2.9,10.2,6.6,13.7,1,0.1,4.3,18.2,,1.6,0.7,2.3,0.165,,2.9,-0.3,2.6,0.8,merrisa01
325,Chimezie Metu,C,26,PHO,37,447,13.8,0.621,0.392,0.331,6.4,20.5,13.9,5.8,2.1,1.8,15.3,16.9,,0.4,0.6,1,0.104,,-1.7,0.2,-1.5,0.1,metuch01
326,Vasilije Micić,PG,30,TOT,40,590,9.1,0.49,0.423,0.194,0.9,6.3,3.7,30.1,1.2,0.5,20.2,17.5,,-0.2,0.3,0.1,0.007,,-3.4,-1.8,-5.2,-0.5,micicva01
326,Vasilije Micić,PG,30,OKC,30,361,8,0.498,0.495,0.209,0.3,6.8,3.7,25.5,1.2,0.8,22.6,15.4,,-0.2,0.3,0.1,0.02,,-3.9,-1.5,-5.4,-0.3,micicva01
326,Vasilije Micić,PG,30,CHO,10,229,10.8,0.48,0.345,0.179,1.9,5.6,3.7,37.3,1.3,0,17.3,20.9,,-0.1,0,-0.1,-0.013,,-2.7,-2.3,-5,-0.2,micicva01
327,Khris Middleton,SF,32,MIL,43,1129,16.9,0.59,0.388,0.191,2.6,14.8,8.9,27.6,1.6,1,14.2,23.8,,1.5,1.1,2.6,0.111,,1,-0.2,0.8,0.8,middlkh01
328,Brandon Miller,SF,21,CHO,54,1725,12.5,0.548,0.432,0.151,2.9,11.9,7.2,11.5,1.4,1.5,10.4,23.3,,-0.3,0.7,0.5,0.013,,-1.4,-1.5,-2.9,-0.4,millebr02
329,Jordan Miller,SF,24,LAC,5,21,17,0.799,0.167,0.333,11.2,10.4,10.8,0,0,0,12.7,16.4,,0.1,0,0.1,0.173,,1.9,-2.9,-1,0,millejo02
330,Leonard Miller,SF,20,MIN,7,26,24,0.682,0.273,0,4.7,36.9,21.9,19.8,1.9,3.4,8.3,20.4,,0.1,0.1,0.1,0.253,,3,4.8,7.8,0.1,millele01
331,Dariq Whitehead,SF,19,BRK,2,24,4.8,0.255,0.6,0.4,0,18.7,9,15.3,0,3.8,0,10.5,,0,0,0,-0.03,,-5.4,-2.4,-7.8,0,whiteda01
332,Patty Mills,PG,35,ATL,19,202,6.5,0.5,0.667,0,2.6,8.3,5.3,8.6,2.1,0.4,13.6,12,,-0.1,0.1,0,0.006,,-4.3,0.3,-4.1,-0.1,millspa02
333,Shake Milton,SG,27,TOT,42,554,9,0.496,0.333,0.253,2.9,10.7,7.1,14.1,1.6,0.9,13,18.8,,-0.3,0.8,0.5,0.044,,-4.3,0.6,-3.7,-0.2,miltosh01
333,Shake Milton,SG,27,MIN,38,491,8.3,0.496,0.331,0.275,1.7,9.6,5.9,14.1,1.6,0.9,13.5,18.6,,-0.3,0.8,0.5,0.044,,-4.9,0.7,-4.2,-0.3,miltosh01
333,Shake Milton,SG,27,DET,4,63,14.5,0.494,0.346,0.115,12.2,20,16,13.7,1.5,1.3,9.9,20.4,,0,0,0.1,0.043,,0.3,0.1,0.4,0,miltosh01
334,Justin Minaya,SF,24,POR,19,151,4.6,0.326,0.64,0.24,7,8,7.5,6.9,1.6,3,15.3,9.2,,-0.2,0.1,-0.1,-0.019,,-5.4,-0.6,-6,-0.2,minayju01
335,Josh Minott,SF,21,MIN,21,62,18.6,0.608,0.286,0.667,5.9,15.5,11,7,2.4,4.3,6.9,20.7,,0.1,0.1,0.3,0.211,,-0.4,2.5,2.1,0.1,minotjo01
336,Davion Mitchell,PG,25,SAC,49,658,7.8,0.529,0.497,0.151,1.2,7.6,4.3,16.3,0.8,0.4,12.4,14.1,,0.2,0.3,0.5,0.036,,-3.6,-1.1,-4.7,-0.5,mitchda01
337,Donovan Mitchell,SG,27,CLE,47,1679,23,0.604,0.445,0.3,2.8,13.7,8.4,28.5,2.5,1.3,11.2,31.8,,3.6,2.8,6.4,0.183,,5.2,1.5,6.6,3.7,mitchdo01
338,Evan Mobley,PF,22,CLE,37,1160,19.9,0.621,0.081,0.298,8.9,27.2,18.2,14.5,1.4,4.5,13,20.5,,1.9,2.4,4.3,0.177,,0.5,2.3,2.8,1.4,mobleev01
339,Isaiah Mobley,PF,24,CLE,3,14,16,0.625,0.5,0,0,15.5,7.9,38.9,3.5,0,20,15.6,,0,0,0.1,0.186,,0.8,4.5,5.2,0,mobleis01
340,Malik Monk,SG,25,SAC,58,1503,16.3,0.577,0.489,0.231,1.5,11,6.1,29,1.2,2.1,13.7,25.5,,1.7,1.1,2.8,0.089,,2.1,-1,1.1,1.1,monkma01
341,Moses Moody,SG,21,GSW,46,805,14,0.581,0.481,0.212,6.3,12.2,9.3,6.2,1.9,2,9,18.5,,0.8,0.8,1.6,0.096,,0,0.2,0.2,0.5,moodymo01
342,Xavier Moon,SG,29,LAC,2,12,6.9,0.5,0.5,0,0,18.2,9.4,30.9,0,0,33.3,10.9,,0,0,0,0.024,,-3.5,1.1,-2.4,0,moonxa01
343,Taze Moore,SG,25,POR,3,10,14.3,0.6,0.4,0,0,0,0,19.6,4.9,0,16.7,25.5,,0,0,0,0.024,,-4.7,1.7,-3,0,mooreta02
344,Wendell Moore Jr.,SG,22,MIN,14,44,8.6,0.5,0.4,0,0,14.5,7.7,6.2,5.6,2,23.1,13,,-0.1,0.1,0,0.048,,-7.2,5.9,-1.3,0,moorewe01
345,Ja Morant,PG,24,MEM,9,318,20.5,0.57,0.3,0.376,2,15.8,8.7,42.2,1.1,1.5,12,30.6,,0.5,0.3,0.8,0.121,,2.7,0.4,3,0.4,moranja01
346,Marcus Morris,PF,34,PHI,37,637,10.4,0.559,0.439,0.176,3.1,16,9.5,5.6,1,1.6,7.9,16.1,,0.3,0.6,0.9,0.067,,-2.2,-1.2,-3.5,-0.2,morrima03
347,Markieff Morris,PF,34,DAL,18,160,5.7,0.443,0.612,0.082,2.7,17.9,10.3,8.6,1.5,0.5,15.1,15.9,,-0.2,0.1,-0.1,-0.034,,-4.7,-1.4,-6.1,-0.2,morrima02
348,Monte Morris,PG,28,TOT,15,215,11.7,0.461,0.42,0.099,2.2,11.8,7.1,20.2,1.6,1.2,3.4,17.7,,0.1,0.3,0.3,0.078,,-1.8,0.7,-1.1,0,morrimo01
348,Monte Morris,PG,28,DET,6,68,8.4,0.398,0.333,0.061,3.2,16.9,9.9,17,0.7,1.2,5.6,22.3,,-0.1,0,-0.1,-0.067,,-4.6,-2.3,-6.9,-0.1,morrimo01
348,Monte Morris,PG,28,MIN,9,147,13.3,0.504,0.479,0.125,1.7,9.4,5.8,21.7,2,1.2,1.9,15.5,,0.2,0.2,0.4,0.145,,-0.5,2.1,1.6,0.1,morrimo01
349,Trey Murphy III,SF,23,NOP,36,971,15.1,0.586,0.72,0.22,2.5,14.3,8.5,9.3,1.6,1.9,3.8,18.6,,1.6,1.2,2.8,0.137,,1.7,0,1.7,0.9,murphtr02
350,Dejounte Murray,SG,27,ATL,57,1993,17.2,0.559,0.35,0.193,2.2,14.5,8.1,24.4,1.7,0.8,10.7,25.4,,2.4,1,3.3,0.08,,1.7,-0.8,0.9,1.5,murrade01
351,Jamal Murray,PG,26,DEN,45,1410,19.9,0.583,0.351,0.184,2.3,11.3,6.9,30.9,1.3,1.8,10.6,27.4,,2.7,1.5,4.1,0.141,,4.2,-0.6,3.6,2,murraja01
352,Keegan Murray,SF,23,SAC,55,1809,13.3,0.578,0.498,0.131,4.2,14.2,9.1,6.6,1.6,1.8,6.5,18.2,,1.7,1.6,3.3,0.088,,-0.6,-0.7,-1.3,0.3,murrake02
353,Kris Murray,SF,23,POR,39,607,8.4,0.463,0.497,0.153,5.8,12.1,8.8,8.1,2.7,1,13,13.5,,-0.4,0.6,0.2,0.019,,-4.2,0.6,-3.6,-0.2,murrakr01
354,Mike Muscala,C,32,TOT,37,509,8,0.484,0.634,0.179,6.6,15.7,11,7.9,0.7,1.9,11.1,13.4,,-0.1,0.2,0.1,0.009,,-3.5,-1.4,-4.9,-0.4,muscami01
354,Mike Muscala,C,32,WAS,24,338,7.6,0.481,0.567,0.222,6.7,17.2,11.8,8.1,0.7,1.7,13.9,14.2,,-0.2,0.1,-0.1,-0.009,,-4.5,-1.8,-6.3,-0.4,muscami01
354,Mike Muscala,C,32,DET,13,171,8.8,0.492,0.773,0.091,6.4,12.7,9.5,7.5,0.8,2.4,4.2,11.8,,0.1,0.1,0.2,0.045,,-1.6,-0.6,-2.1,0,muscami01
355,Svi Mykhailiuk,SF,26,BOS,26,206,8.4,0.483,0.797,0.081,4.4,8.8,6.7,8.7,1.9,0,9.5,17.8,,-0.1,0.3,0.2,0.041,,-3.5,-0.4,-3.8,-0.1,mykhasv01
356,Larry Nance Jr.,C,31,NOP,43,792,14.8,0.67,0.307,0.255,8.9,21.9,15.5,10.9,2.4,2,18.3,11.3,,1.2,1.3,2.5,0.154,,-0.4,2.2,1.8,0.8,nancela02
357,Pete Nance,PF,23,CLE,2,4,-18.9,0,0,0,0,0,0,0,0,0,0,21.8,,0,0,0,-0.496,,-19.4,-9.1,-28.5,0,nancepe01
358,Andrew Nembhard,PG,24,IND,48,1132,11.5,0.555,0.296,0.1,2.8,6.4,4.6,22.4,1.9,0.3,16.6,17.5,,0.6,0.4,1,0.041,,-1.8,-0.9,-2.7,-0.2,nembhan01
359,Aaron Nesmith,SF,24,IND,53,1429,13.6,0.647,0.529,0.211,3.8,12.4,8.1,6.7,1.8,1.9,9.3,16.3,,2,0.9,2.9,0.097,,0.1,-0.2,-0.1,0.7,nesmiaa01
360,Georges Niang,PF,30,CLE,60,1273,9,0.553,0.622,0.101,1.7,16.6,9.3,7.4,0.5,0.8,9,17.5,,0.1,1.6,1.7,0.063,,-3.1,-0.3,-3.4,-0.4,niangge01
361,Daishen Nix,PG,21,MIN,10,35,13.4,0.53,0.684,0.211,0,3,1.6,9.2,2.8,0,4.6,27.4,,0,0.1,0,0.047,,-1.3,-0.1,-1.5,0,nixda01
362,Zeke Nnaji,PF,23,DEN,46,450,12.1,0.509,0.159,0.421,13.7,11.1,12.4,7.3,1.3,5.9,15.3,17,,0.1,0.6,0.7,0.076,,-4.3,-0.1,-4.5,-0.3,nnajize01
363,Jaylen Nowell,SG,24,MEM,9,156,6.6,0.453,0.418,0.055,2,8,4.9,15.7,0.9,0,8.2,17,,-0.1,0.1,0,-0.008,,-5.9,-1.5,-7.4,-0.2,nowelja01
364,Markquis Nowell,SG,24,TOR,1,4,55.4,0.532,0,2,53.8,0,27.4,56.1,12.1,0,0,20,,0,0,0.1,0.677,,29.1,14.4,43.5,0,nowelma01
365,Frank Ntilikina,PG,25,CHO,5,43,0,0.253,0.889,0.222,2.5,13.5,7.8,11.4,0,0,9.2,11,,-0.1,0,-0.1,-0.097,,-10.1,-3.4,-13.5,-0.1,ntilila01
366,Jusuf Nurkić,C,29,PHO,57,1550,18,0.568,0.172,0.395,12.4,31,22.2,19.4,1.8,3.3,17.4,20,,1.7,2.7,4.4,0.138,,-0.8,1.6,0.9,1.1,nurkiju01
367,Jordan Nwora,SF,25,TOT,32,345,13.1,0.554,0.451,0.225,4.5,16.5,10.4,13,1.7,0.7,11.4,21.5,,0.2,0.2,0.4,0.056,,-1.6,-1.6,-3.2,-0.1,nworajo01
367,Jordan Nwora,SF,25,IND,18,183,12.1,0.541,0.439,0.134,4.9,15.8,10.3,12.7,1.5,0.4,12.1,22.5,,0,0.1,0.1,0.024,,-1.9,-2.3,-4.2,-0.1,nworajo01
367,Jordan Nwora,SF,25,TOR,14,162,14.2,0.57,0.467,0.35,4,17.2,10.5,13.4,1.8,1.1,10.4,20.3,,0.2,0.1,0.3,0.093,,-1.3,-0.9,-2.2,0,nworajo01
368,Royce O'Neale,SF,30,TOT,58,1448,11.1,0.547,0.806,0.077,3.3,17.8,10.5,15.2,1.6,2.2,12.2,14.1,,0.8,1.6,2.4,0.08,,-1,1.3,0.2,0.8,onealro01
368,Royce O'Neale,SF,30,BRK,49,1202,10.2,0.544,0.815,0.068,3.3,17.1,10,15.1,1.3,2.2,13.2,13.8,,0.5,1.2,1.7,0.067,,-1.5,0.9,-0.7,0.4,onealro01
368,Royce O'Neale,SF,30,PHO,9,246,15.1,0.561,0.769,0.115,3.4,21.3,12.8,15.7,3,2.5,7.9,15.6,,0.3,0.4,0.7,0.142,,1.2,3.2,4.5,0.4,onealro01
369,Chuma Okeke,SF,25,ORL,36,391,7.9,0.489,0.733,0.05,5.3,16.5,10.9,6.2,1,1.7,10.4,12.8,,-0.1,0.5,0.4,0.05,,-2.4,-0.1,-2.5,-0.1,okekech01
370,Josh Okogie,SG,25,PHO,54,926,12,0.549,0.457,0.503,9.2,8.9,9,8.5,2.5,2.1,12,12.8,,1,1,2,0.103,,-1.4,0.8,-0.6,0.3,okogijo01
371,Onyeka Okongwu,C,23,ATL,53,1367,16.6,0.675,0.185,0.328,10.8,18.5,14.5,7,0.8,3.8,10.1,13.4,,3.4,0.8,4.2,0.147,,-0.1,-0.6,-0.7,0.4,okongon01
372,Isaac Okoro,SF,23,CLE,51,1339,12.5,0.61,0.43,0.295,4.6,7.9,6.3,10.4,1.6,1.7,9.2,14.1,,1.9,1.7,3.6,0.129,,-1.2,1.2,0,0.7,okorois01
373,Kelly Olynyk,C,32,TOT,59,1205,17.2,0.657,0.321,0.38,6.9,19.5,13.3,27.6,2,1.2,19.9,16.2,,2.7,1.1,3.7,0.148,,0.9,1.6,2.6,1.4,olynyke01
373,Kelly Olynyk,C,32,UTA,50,1019,17.1,0.677,0.326,0.368,6.8,20.3,13.6,29.2,1.7,1,21.3,15.5,,2.4,0.8,3.2,0.151,,1.2,1.5,2.7,1.2,olynyke01
373,Kelly Olynyk,C,32,TOR,9,186,17.4,0.574,0.302,0.429,7.5,15,11.2,19,3.6,2.3,13.8,19.9,,0.3,0.3,0.5,0.132,,-0.8,2.6,1.8,0.2,olynyke01
374,Eugene Omoruyi,SF,26,WAS,28,217,18.9,0.562,0.252,0.32,11.4,17.2,14.3,15.2,4.1,0.4,11.3,25.6,,0.2,0.2,0.4,0.095,,-0.8,0.6,-0.3,0.1,omorueu01
375,Cedi Osman,SF,28,SAS,61,1077,11.1,0.592,0.575,0.153,2.2,13.2,7.6,13.6,1.4,0.7,10.7,15.2,,0.7,0.6,1.3,0.059,,-1.9,-0.6,-2.5,-0.1,osmande01
376,Kelly Oubre Jr.,SF,28,PHI,47,1356,12.9,0.544,0.392,0.253,4.8,12.5,8.6,5.7,2,1.7,7.1,20.3,,0.7,1.4,2.1,0.073,,-1.7,-0.8,-2.5,-0.2,oubreke01
377,Chris Paul,PG,38,GSW,36,975,14.6,0.544,0.498,0.167,1.2,13.7,7.5,33.6,2.3,0.3,12.7,14.5,,1.8,1,2.9,0.141,,0,1.4,1.4,0.8,paulch01
378,Cameron Payne,PG,29,TOT,56,875,12.6,0.586,0.569,0.181,1.1,7.8,4.6,21.3,1.4,0.5,11,17.7,,1.2,0.6,1.8,0.1,,-0.6,-0.7,-1.4,0.1,payneca01
378,Cameron Payne,PG,29,MIL,47,702,12.5,0.603,0.59,0.198,0.8,8.6,4.8,20.3,1.5,0.4,11.4,16.6,,1.1,0.5,1.6,0.109,,-1,-0.4,-1.4,0.1,payneca01
378,Cameron Payne,PG,29,PHI,9,173,13.1,0.534,0.506,0.13,2.5,4.5,3.5,25.1,0.8,1,10,22.3,,0.2,0.1,0.2,0.067,,0.8,-2,-1.2,0,payneca01
379,Gary Payton II,SG,31,GSW,26,408,14.5,0.585,0.32,0.115,8.7,11.8,10.3,8.6,3.3,2,11.1,14.8,,0.4,0.6,1,0.119,,-1.2,2.4,1.2,0.3,paytoga02
380,Drew Peterson,PF,24,BOS,1,3,43.7,1.5,1,0,0,0,0,58.4,0,0,0,14.4,,0,0,0,0.751,,28.5,13.4,41.9,0,peterdr01
381,Filip Petrušev,C,23,TOT,3,10,5,0.521,0,1,0,11.2,5.5,0,0,0,0,12.3,,0,0,0,0.021,,-4.8,-3.4,-8.1,0,petrufi01
381,Filip Petrušev,C,23,PHI,1,3,4,,,,0,37.3,18.4,0,0,0,,0,,0,0,0,0.055,,-2.9,-2.1,-5,0,petrufi01
381,Filip Petrušev,C,23,SAC,2,7,5.5,0.521,0,1,0,0,0,0,0,0,0,17.5,,0,0,0,0.007,,-5.5,-3.9,-9.5,0,petrufi01
382,Julian Phillips,SF,20,CHI,34,244,6,0.491,0.466,0.241,4,8.4,6.2,7.1,0.6,2.6,9.8,12.8,,0,0.2,0.1,0.023,,-5.4,-0.6,-6,-0.2,phillju01
383,Jalen Pickett,SG,24,DEN,20,107,7.4,0.535,0.733,0.133,1.1,10.2,5.7,16.3,1.4,0,18.1,15.7,,0,0.1,0.1,0.03,,-3.9,-1,-4.8,-0.1,pickeja02
384,Scotty Pippen Jr.,PG,23,MEM,8,181,16.2,0.615,0.39,0.356,4.7,12,8.2,31,2.2,2,18,19.8,,0.3,0.2,0.5,0.129,,0.8,1.8,2.6,0.2,pippesc02
385,Mason Plumlee,C,33,LAC,27,457,16.7,0.676,0,0.737,9.7,27.5,18.9,9.5,1.1,1.8,13.7,13.9,,1,0.6,1.7,0.176,,-0.1,0.4,0.3,0.3,plumlma01
386,Brandin Podziemski,SG,20,GSW,52,1392,12.9,0.534,0.395,0.14,6.2,16.9,11.6,19.3,1.5,0.6,12.3,16.1,,1.3,1.3,2.7,0.092,,-0.7,0.3,-0.4,0.6,podzibr01
387,Jakob Poeltl,C,28,TOR,50,1319,18.8,0.653,0,0.283,11.9,24,17.8,13.7,1.3,5,15.3,16.2,,2.4,1.6,4,0.146,,-0.4,1.2,0.8,0.9,poeltja01
388,Aleksej Pokusevski,PF,22,OKC,10,60,2.5,0.338,0.688,0.25,3.9,14.2,9.3,9.7,0.8,1.5,14.5,15,,-0.1,0.1,-0.1,-0.064,,-7.7,-2.3,-10,-0.1,pokusal01
389,Jordan Poole,SG,24,WAS,58,1699,10.6,0.513,0.458,0.202,1.3,8.1,4.6,18.2,1.8,0.9,12.3,25.8,,-1.7,0.5,-1.2,-0.035,,-3.5,-1.9,-5.4,-1.5,poolejo01
390,Craig Porter Jr.,PG,23,CLE,36,498,15.6,0.555,0.119,0.273,3.4,15,9.3,27,1.8,2.1,14.7,20.2,,0.4,0.8,1.2,0.119,,-1,1.7,0.7,0.3,portecr01
391,Jontay Porter,PF,24,TOR,18,228,13.6,0.492,0.535,0.169,8,18.6,13.2,18.1,2.5,4.2,12.6,16.3,,0.1,0.3,0.4,0.088,,-1.6,1.5,-0.1,0.1,portejo01
392,Michael Porter Jr.,SF,25,DEN,60,1905,15.5,0.599,0.521,0.098,4.9,19.8,12.5,6.6,0.8,2,7.5,20.5,,2.2,2.2,4.5,0.112,,1.2,-1.2,0,1,portemi01
393,Otto Porter Jr.,SF,30,TOR,15,174,8.7,0.568,0.697,0.091,3.7,14.8,9.1,5.7,1.4,2.5,5.5,8.9,,0.1,0.1,0.3,0.079,,-3.6,0.4,-3.1,-0.1,porteot01
394,Bobby Portis,PF,28,MIL,61,1458,16.5,0.572,0.291,0.157,7.8,23.5,15.9,7.2,1.5,1.4,7.8,21.9,,1.5,1.9,3.3,0.11,,-0.5,-1,-1.5,0.2,portibo01
395,Kristaps Porziņģis,C,28,BOS,44,1303,23,0.661,0.396,0.441,6.2,18,12.4,9.6,1,5.4,9.4,24.8,,4,2.3,6.2,0.23,,3.5,1.5,4.9,2.3,porzikr01
396,Micah Potter,PF,25,UTA,2,7,1.5,0,1,0,0,62,31.3,0,0,0,0,5.9,,0,0,0,-0.067,,-8.3,-3.4,-11.7,0,pottemi01
397,Dwight Powell,C,32,DAL,50,734,15,0.741,0.021,0.874,12,15.1,13.6,12.7,1.4,2.3,17.6,9.3,,2.1,0.7,2.8,0.18,,-0.6,0.7,0.1,0.4,poweldw01
398,Norman Powell,SG,30,LAC,58,1484,14.1,0.636,0.492,0.205,0.8,10.3,5.7,5.8,1,1.1,7.5,19.9,,2.2,1.1,3.3,0.106,,0.6,-1.1,-0.5,0.6,powelno01
399,Jason Preston,PG,24,UTA,1,1,-11.9,,,,100,0,54.7,0,0,0,100,41.5,,0,0,0,-0.926,,-8,-17.4,-25.4,0,prestja01
400,Joshua Primo,SG,21,LAC,2,10,-12.7,0.333,0.333,0,11.7,0,5.7,0,0,8.9,57.1,30.5,,-0.1,0,-0.1,-0.576,,-16.9,-8.3,-25.1,-0.1,primojo01
401,Taurean Prince,PF,29,LAL,59,1718,8.2,0.564,0.633,0.116,0.9,9.8,5.5,7.4,1.4,1.3,10.1,13.4,,0,1.3,1.3,0.035,,-3.1,-0.2,-3.3,-0.6,princta02
402,Payton Pritchard,PG,26,BOS,60,1232,13.8,0.585,0.669,0.092,4.8,11.2,8.2,17.5,1.1,0.4,8.5,16.1,,2.3,1.4,3.8,0.147,,0.7,0.2,1,0.9,pritcpa01
403,Olivier-Maxence Prosper,PF,21,DAL,33,260,10.4,0.467,0.459,0.459,7.5,18.6,13.1,9.2,0.9,1,5.3,15.4,,0.1,0.2,0.3,0.058,,-2.4,-1.3,-3.8,-0.1,prospol01
404,Trevelin Queen,SG,26,ORL,13,163,8.3,0.462,0.447,0.316,2.1,11.5,6.8,14.6,2.1,2.8,13.9,13.4,,-0.1,0.2,0.2,0.053,,-4.7,1.4,-3.3,0,queentr01
405,Neemias Queta,C,24,BOS,23,283,19.3,0.636,0,0.25,17.6,20.7,19.2,5.3,1.7,4.4,9.2,15,,0.8,0.6,1.4,0.229,,-1,0.6,-0.4,0.1,quetane01
406,Immanuel Quickley,SG-PG,24,TOT,56,1575,16,0.575,0.487,0.246,0.9,12.7,6.7,21.3,1.2,0.5,8.2,23.2,,2.7,1.1,3.8,0.116,,1.7,-0.8,0.9,1.2,quickim01
406,Immanuel Quickley,SG,24,NYK,30,720,17,0.598,0.484,0.281,0.8,11.2,6,15.9,1.1,0.4,7.6,24.2,,1.6,0.6,2.2,0.145,,2.6,-0.3,2.3,0.8,quickim01
406,Immanuel Quickley,PG,24,TOR,26,855,15.2,0.555,0.491,0.214,1,14,7.4,25.9,1.2,0.5,8.7,22.3,,1.1,0.5,1.6,0.091,,1,-1.3,-0.3,0.4,quickim01
407,Lester Quinones,SG,23,GSW,26,341,9.5,0.532,0.602,0.221,6.3,13.2,9.8,11.1,0.7,0.5,11.4,17.2,,0.2,0.2,0.4,0.056,,-2.4,-1.1,-3.6,-0.1,quinole01
408,Julius Randle,PF,29,NYK,46,1630,18.7,0.569,0.292,0.361,6.7,22.2,14.4,22.8,0.8,0.7,14.1,29.6,,1.9,1.8,3.7,0.11,,2.1,-0.4,1.7,1.5,randlju01
409,Duop Reath,C,27,POR,45,782,15.9,0.579,0.513,0.194,9.1,16.4,12.5,9.9,1.4,3.1,9.2,20.8,,1,0.8,1.8,0.108,,0.1,-0.4,-0.3,0.3,reathdu01
410,Austin Reaves,SG,25,LAL,62,1950,15.7,0.617,0.425,0.301,2.4,11.3,7.1,24.3,1.3,0.6,14.2,20.3,,3,1.4,4.4,0.108,,0.8,-0.6,0.2,1.1,reaveau01
411,Cam Reddish,SF,24,LAL,38,858,8.4,0.521,0.467,0.217,3,8.3,5.8,6.8,2.5,1.1,11.8,13.3,,-0.2,0.8,0.6,0.033,,-3.9,1,-3,-0.2,reddica01
412,Paul Reed,C,24,PHI,60,1100,16.6,0.587,0.112,0.149,13.1,20.7,16.8,9.4,1.8,4.2,11.1,15,,1.8,1.6,3.4,0.147,,-0.8,0.4,-0.4,0.4,reedpa01
413,Naz Reid,C,24,MIN,61,1403,15.3,0.595,0.476,0.167,5.2,17.9,11.9,7.3,1.5,3,10.7,22.1,,0.8,2.8,3.6,0.123,,0.1,1,1.1,1.1,reidna01
414,Jared Rhoden,SG,24,DET,6,42,10.1,0.631,0.364,0.182,2.6,10.9,6.7,13.1,0,4,20.2,15,,0,0,0,0.031,,-2.2,0.1,-2.1,0,rhodeja01
415,Nick Richards,C,26,CHO,51,1331,17.3,0.718,0.003,0.526,10.9,23.8,17.1,4.7,0.7,4.5,13.4,13.5,,3,1.1,4.1,0.147,,-1.4,-0.5,-1.9,0,richani01
416,Josh Richardson,SG,30,MIA,43,1103,11.3,0.573,0.548,0.156,1.8,10.7,6.2,13.9,1.1,1.2,8.9,16.3,,0.9,1.1,2,0.088,,-1.3,-0.1,-1.4,0.2,richajo01
417,Duncan Robinson,SF,29,MIA,55,1545,12.6,0.615,0.677,0.142,0.9,9.1,4.9,16.2,1.2,0.8,11.4,19.2,,1.5,1.5,3,0.093,,-0.1,-0.5,-0.7,0.5,robindu01
418,Jerome Robinson,SG,26,GSW,14,56,4.4,0.379,0.591,0.455,1.9,3.8,2.9,6.8,0,3.2,0,19.7,,-0.1,0,-0.1,-0.046,,-5.6,-3.1,-8.7,-0.1,robinje01
419,Mitchell Robinson,C,25,NYK,21,613,16.1,0.567,0,0.388,20.2,19,19.6,3.2,2.6,4.1,15.5,9.5,,0.9,1.1,2,0.153,,-0.3,0.9,0.6,0.4,robinmi01
420,Orlando Robinson,C,23,MIA,26,265,13.6,0.597,0.219,0.375,8.9,22.5,15.6,15,1.3,2.6,16.7,15,,0.3,0.4,0.7,0.129,,-2.4,0.9,-1.5,0,robinor01
421,Jeremiah Robinson-Earl,PF,23,NOP,26,254,13.3,0.63,0.426,0.221,7.5,17.3,12.4,5.7,1.7,1.5,13.9,14.7,,0.3,0.3,0.6,0.116,,-0.9,0.2,-0.7,0.1,robinje02
422,David Roddy,PF,22,TOT,53,1134,8.6,0.486,0.408,0.172,4.8,15.2,9.8,10.2,1.1,0.9,11.6,18.1,,-1,1.1,0.1,0.004,,-4,-1,-5.1,-0.9,roddyda01
422,David Roddy,PF,22,MEM,48,1114,8.7,0.485,0.404,0.174,4.9,15.3,9.9,10.4,1.1,0.9,11.5,18.2,,-1,1.1,0.1,0.004,,-4,-1,-5,-0.9,roddyda01
422,David Roddy,PF,22,PHO,5,20,3.6,0.625,0.75,0,0,10.7,5.6,0,0,0,20,10.8,,0,0,0,-0.016,,-4.9,-1.8,-6.7,0,roddyda01
423,Ryan Rollins,PG,21,WAS,10,66,22.5,0.631,0.12,0.68,3.1,15,8.9,23.6,5.6,3.7,17.7,25,,0.1,0.1,0.2,0.14,,0.4,4.4,4.9,0.1,rolliry01
424,Derrick Rose,PG,35,MEM,24,399,13,0.54,0.248,0.164,1.9,10.9,6.2,32.3,1,0.5,14.9,22.5,,0.1,0.3,0.4,0.045,,-1.4,-1.4,-2.8,-0.1,rosede01
425,Terry Rozier,SG-PG,29,TOT,43,1460,17.6,0.555,0.411,0.232,2.1,11.5,6.6,29.9,1.4,1,9.5,26.1,,1.7,0.8,2.6,0.085,,2.4,-1.1,1.4,1.2,roziete01
425,Terry Rozier,SG,29,CHO,30,1065,19.1,0.574,0.423,0.235,1.7,10.9,6.1,30.8,1.5,1,9.7,27.5,,1.6,0.4,2,0.091,,3.7,-1.5,2.2,1.1,roziete01
425,Terry Rozier,PG,29,MIA,13,395,13.5,0.488,0.373,0.223,3.1,13.1,8,27.4,1.4,1,9,22.5,,0.1,0.4,0.6,0.071,,-0.9,0,-0.9,0.1,roziete01
426,Rayan Rupert,SG,19,POR,18,133,8.9,0.466,0.413,0.217,7.2,13.6,10.2,14.2,1.1,0,12.2,18.4,,-0.1,0.1,0,0.007,,-3.2,-2.4,-5.5,-0.1,ruperra01
427,D'Angelo Russell,PG,27,LAL,57,1807,16.3,0.59,0.472,0.178,1.3,8.6,5.1,28.5,1.2,1.3,11.5,23.1,,2.4,1.2,3.6,0.096,,1.8,-1,0.7,1.3,russeda01
428,Matt Ryan,SF,26,NOP,18,342,9.9,0.664,0.81,0.14,2,9.9,6,5.8,0.9,0.3,14.5,15.6,,0.3,0.3,0.6,0.077,,-0.6,-1.1,-1.7,0,ryanma01
429,Domantas Sabonis,C,27,SAC,59,2111,23.5,0.653,0.085,0.37,10.3,32,20.9,34.6,1.1,1.4,17.4,22,,6.7,2.4,9.2,0.208,,4.4,2.2,6.6,4.6,sabondo01
430,Luka Šamanić,PF,24,UTA,29,166,8.4,0.502,0.403,0.328,5.3,25.5,15.5,3.3,0.3,1.6,13.5,22.2,,-0.2,0.1,-0.1,-0.023,,-5.2,-2.9,-8.1,-0.3,samanlu01
431,Jermaine Samuels,SF,25,HOU,11,53,15.2,0.758,0.182,0.182,4,18.1,11,5.4,0.9,1.7,0,9.5,,0.1,0.1,0.2,0.192,,-0.3,1.2,0.9,0,samueje01
432,Adama Sanogo,PF,21,CHI,3,11,32.6,0.926,0,1,19.7,41.7,30.4,0,0,0,18.8,21.2,,0.1,0,0.1,0.28,,9,1.7,10.7,0,sanogad01
433,Gui Santos,PF,21,GSW,15,138,16.4,0.661,0.447,0.395,11.8,21.7,16.7,9.6,1,1.3,13.6,15.6,,0.3,0.1,0.5,0.168,,0.5,-0.1,0.4,0.1,santogu01
434,Dario Šarić,C,29,GSW,58,1059,15.4,0.6,0.511,0.235,7.3,20.6,14,18,1.4,0.8,14.7,19.3,,1.6,1.1,2.7,0.123,,0.8,0.4,1.2,0.9,saricda01
435,Olivier Sarr,C,24,OKC,13,90,14.8,0.653,0.333,0.722,13,29.5,21.6,2.7,0,6.1,11.2,12.9,,0.2,0.2,0.3,0.186,,-2.7,-0.3,-3,0,sarrol01
436,Marcus Sasser,PG,23,DET,51,838,13.6,0.574,0.453,0.129,0.9,10,5.4,26.7,1.7,0.8,13.4,19.6,,0.8,0.3,1.1,0.065,,-0.3,-0.8,-1.1,0.2,sassema01
437,Admiral Schofield,PF,26,ORL,14,52,3,0.444,0.625,0.125,4.4,15.8,10.1,13.2,0,0,19.2,17.4,,-0.1,0,-0.1,-0.049,,-5.7,-1.6,-7.4,-0.1,schofad01
438,Dennis Schröder,PG,30,TOT,60,1800,13.3,0.553,0.393,0.242,1.4,8.9,5.1,27.1,1.3,0.5,12.3,19.8,,1.9,0.9,2.7,0.073,,-0.8,-1.2,-1.9,0,schrode01
438,Dennis Schröder,PG,30,TOR,51,1559,13.9,0.559,0.394,0.267,1.5,8.5,4.9,27.4,1.4,0.4,11.7,19.3,,2,0.7,2.8,0.085,,-0.6,-1.1,-1.8,0.1,schrode01
438,Dennis Schröder,PG,30,BRK,9,241,9.7,0.519,0.392,0.108,0.4,12.1,6.1,25.4,0.6,0.7,15.8,22.6,,-0.1,0.1,0,-0.005,,-1.8,-1.4,-3.2,-0.1,schrode01
439,Dereon Seabron,SG,23,NOP,6,55,9.1,0.448,0.154,0.462,2,12,7,11.1,1.8,1.8,0,12.2,,0,0.1,0.1,0.088,,-2.6,1.3,-1.3,0,seabrde01
440,Alperen Şengün,C,21,HOU,59,1905,21.5,0.588,0.12,0.363,9.2,20.9,15,25.3,1.7,2.1,13,26.8,,3.3,3,6.3,0.159,,2.7,1.7,4.4,3.1,sengual01
441,Brice Sensabaugh,SF,20,UTA,11,88,3.2,0.543,0.567,0.1,1.3,9.9,5.6,6.1,0.5,0,22.3,19,,-0.2,0,-0.1,-0.082,,-6.5,-3.4,-9.8,-0.2,sensabr01
442,Collin Sexton,SG,25,UTA,61,1521,20.2,0.613,0.321,0.398,3.6,7.4,5.5,29.2,1.5,0.8,11.9,27.6,,4.1,0.5,4.6,0.144,,3.8,-1.6,2.2,1.6,sextoco01
443,Landry Shamet,SG,26,WAS,43,686,11,0.556,0.574,0.17,2.4,7.1,4.7,10.3,1.7,1.1,8.8,19.4,,0.1,0.2,0.3,0.021,,-2.4,-1.3,-3.7,-0.3,shamela01
444,Day'Ron Sharpe,C,22,BRK,45,704,21.3,0.612,0.048,0.449,18,29.2,23.4,13.8,1.4,4.5,15,19.5,,1.5,1.1,2.6,0.175,,0.4,0.7,1.1,0.5,sharpda01
445,Shaedon Sharpe,SG,20,POR,32,1059,11.3,0.524,0.415,0.274,4.2,13.5,8.5,13.8,1.3,1,12.9,22.4,,-0.2,0.7,0.5,0.023,,-2.1,-0.9,-3,-0.3,sharpsh01
446,Ben Sheppard,SG,22,IND,37,428,9.2,0.548,0.68,0.139,1.9,10.8,6.3,7.9,2.2,0.4,5.1,13.3,,0.3,0.2,0.5,0.061,,-3.2,0.1,-3.1,-0.1,sheppbe01
447,Pascal Siakam,PF,29,TOT,60,2041,19.1,0.604,0.224,0.31,5,16.5,10.6,20.6,1.1,0.7,9.6,24.7,,4,1.2,5.2,0.121,,2.4,-0.6,1.8,2,siakapa01
447,Pascal Siakam,PF,29,TOR,39,1354,18.7,0.6,0.233,0.358,4.3,15.8,10,21.6,1.1,0.6,10.3,25.3,,2.4,0.9,3.2,0.115,,2,-0.7,1.3,1.2,siakapa01
447,Pascal Siakam,PF,29,IND,21,687,19.7,0.613,0.206,0.218,6.3,17.8,12,18.7,1.2,0.8,8,23.5,,1.6,0.3,1.9,0.133,,3,-0.4,2.6,0.8,siakapa01
448,Ben Simmons,PG,27,BRK,15,359,16.2,0.571,0,0.203,9.1,27.5,18,32.4,1.6,2.3,25.1,12.9,,0.5,0.5,1,0.13,,-0.4,3,2.6,0.4,simmobe01
449,Anfernee Simons,SG,24,POR,36,1222,15.4,0.558,0.471,0.211,1.6,11.1,6,26.9,0.6,0.3,11.7,28.4,,1,0.5,1.5,0.058,,2.3,-2.6,-0.3,0.5,simonan01
450,Jericho Sims,C,25,NYK,34,435,11.7,0.734,0,0.444,10.4,17,13.7,5.9,0.5,3.2,17,6.4,,0.8,0.5,1.2,0.135,,-1.8,0.3,-1.5,0.1,simsje01
451,Dmytro Skapintsev,C,25,NYK,2,2,-19.1,0,0,0,0,0,0,0,0,0,0,21.4,,0,0,0,-0.479,,-16.2,-9.9,-26.1,0,skapidm01
452,Jalen Slawson,SF,24,SAC,5,19,5.5,0.667,0.333,0,0,24.4,11.9,13.1,0,4.7,40,11.2,,0,0,0,-0.012,,-7.1,1.2,-5.9,0,slawsja01
453,Javonte Smart,PG,24,PHI,1,1,0,,,,0,0,0,0,0,0,,0,,0,0,0,0,,-6.1,-2.3,-8.3,0,smartja01
454,Marcus Smart,PG,29,MEM,20,605,11.7,0.552,0.565,0.236,1.1,8.9,4.8,22.7,3.3,0.8,19.2,23.1,,-0.6,0.8,0.2,0.018,,-3.4,1,-2.4,-0.1,smartma01
455,Dennis Smith Jr.,PG,26,BRK,44,867,13.2,0.494,0.293,0.166,5.3,13.1,9.1,27.9,2.8,1.1,15.1,17.7,,0.3,1,1.3,0.074,,-2.4,1.6,-0.8,0.3,smithde03
456,Dru Smith,SG,26,MIA,9,131,12.7,0.576,0.515,0.061,5.1,7,6.1,15,3.4,2.2,12.9,13.1,,0.1,0.2,0.3,0.119,,-1.9,3.1,1.3,0.1,smithdr01
457,Ish Smith,PG,35,CHO,43,741,6.7,0.435,0.051,0.025,1.6,10.2,5.7,26.1,1.1,0.5,22.7,12.2,,-0.5,0.2,-0.4,-0.024,,-5.7,-1.2,-6.9,-0.9,smithis01
458,Jabari Smith Jr.,PF,20,HOU,55,1768,13.4,0.563,0.439,0.219,6.7,22.3,14.5,6.6,1.1,2.1,9.3,17.4,,1.4,2.6,3.9,0.107,,-1,0.4,-0.6,0.6,smithja05
459,Jalen Smith,C,23,IND,43,760,20.4,0.705,0.366,0.236,10.6,25.7,18,7.8,0.7,2.8,10.3,19.2,,2.1,0.6,2.7,0.169,,2.9,-0.9,2.1,0.8,smithja04
460,Nick Smith Jr.,SG,19,CHO,37,573,8.5,0.534,0.521,0.06,3,7.7,5.3,11.4,0.6,1.1,12.6,19.4,,-0.3,0,-0.2,-0.02,,-2.5,-2.6,-5.2,-0.5,smithni01
461,Terquavion Smith,PG,21,PHI,12,69,18.1,0.557,0.775,0.075,0,3.2,1.6,22.5,4.9,0,8.8,28,,0,0.1,0.1,0.099,,3.4,0.8,4.2,0.1,smithte01
462,Jeremy Sochan,PF,20,SAS,61,1798,11.1,0.519,0.276,0.182,6.6,16.2,11.3,16.2,1.2,1.3,14.5,18.2,,-0.3,1.2,0.9,0.023,,-2.8,-1,-3.9,-0.9,sochaje01
463,Pat Spencer,PG,27,GSW,1,2,0,,,,0,0,0,0,0,0,,0,,0,0,0,0,,-7,-1.5,-8.5,0,spencpa01
464,Jaden Springer,SG-PG,21,TOT,37,396,10,0.468,0.31,0.27,7.7,9.6,8.6,12,3.1,2.5,16.1,18.1,,-0.3,0.5,0.2,0.025,,-4.8,0.6,-4.1,-0.2,sprinja01
464,Jaden Springer,SG,21,PHI,32,377,10.5,0.481,0.314,0.288,7.2,9.8,8.5,12.3,3.2,2.6,16.4,18,,-0.2,0.5,0.3,0.033,,-4.4,0.9,-3.5,-0.1,sprinja01
464,Jaden Springer,PG,21,BOS,5,19,-0.3,0.25,0.25,0,17.9,5.3,11.2,6.6,0,0,11.1,20.5,,-0.1,0,-0.1,-0.142,,-11.6,-5.2,-16.8,-0.1,sprinja01
465,Lamar Stevens,PF,26,TOT,27,284,15.6,0.555,0.133,0.2,8.1,18.8,13.4,8.3,1.9,4.2,12.1,22.6,,0,0.5,0.5,0.08,,-1.8,0.7,-1.1,0.1,stevela01
465,Lamar Stevens,PF,26,BOS,19,122,14.4,0.532,0.178,0.244,11.1,15.7,13.6,9,2.4,3.6,15.3,20.9,,0,0.2,0.2,0.095,,-2.9,0.9,-2,0,stevela01
465,Lamar Stevens,PF,26,MEM,8,162,16.5,0.57,0.107,0.173,5.9,21.1,13.3,7.8,1.5,4.6,10,23.9,,0,0.2,0.2,0.069,,-1,0.5,-0.5,0.1,stevela01
466,Isaiah Stewart,PF,22,DET,38,1164,11.2,0.583,0.445,0.227,6.2,19.1,12.5,7.7,0.5,2.3,13.8,15.3,,0.5,0.6,1.1,0.045,,-1.7,-0.9,-2.5,-0.2,stewais01
467,Julian Strawther,SF,21,DEN,39,495,8.9,0.488,0.625,0.125,0.9,10.5,5.8,10.9,1.7,1.2,7.5,20,,-0.2,0.5,0.3,0.028,,-4.2,-1.1,-5.3,-0.4,strawju01
468,Max Strus,SF,27,CLE,60,1932,11.1,0.544,0.663,0.124,3.1,13,8.1,16.1,1.3,1.3,11.9,17.2,,0.9,2.6,3.5,0.087,,-1.4,0.7,-0.7,0.6,strusma01
469,Jalen Suggs,SG,22,ORL,56,1491,13,0.588,0.541,0.193,2.9,11.1,7,14.1,2.6,2.1,15.6,20.1,,0.4,2.3,2.7,0.088,,-1.3,1.4,0.2,0.8,suggsja01
470,Cole Swider,SF,24,MIA,11,55,5.3,0.483,0.76,0.08,2,6.2,4.1,11,0.9,1.8,18.8,25.7,,-0.2,0,-0.1,-0.106,,-4.1,-2.8,-6.9,-0.1,swideco01
471,Jae'Sean Tate,SF,28,HOU,53,905,9.5,0.54,0.348,0.162,6.2,14.3,10.2,8.4,2,1,10.9,11.2,,0.5,1.3,1.8,0.095,,-3.8,1.7,-2,0,tateja01
472,Jayson Tatum,PF,25,BOS,57,2036,22.6,0.61,0.435,0.351,2.6,21.5,12.6,21,1.4,1.5,10.1,30,,5,3.4,8.4,0.197,,4.6,1,5.5,3.8,tatumja01
473,Terry Taylor,PF,24,CHI,23,161,9,0.538,0.265,0.088,10.1,12.8,11.4,5.8,1.2,1.3,16.5,11.5,,0,0.1,0.2,0.053,,-4,-0.1,-4.2,-0.1,taylote01
474,Garrett Temple,SG,37,TOR,16,69,8.4,0.486,0.429,0.286,7.8,9.7,8.7,11.2,2.1,0,17.5,17.7,,-0.1,0,0,-0.004,,-4.6,-1.8,-6.4,-0.1,templga01
475,Dalen Terry,SG,21,CHI,40,404,8.9,0.498,0.548,0.31,4,14.7,9.2,16.1,1.9,2.1,16.6,12.4,,0,0.4,0.5,0.057,,-4.2,1.4,-2.8,-0.1,terryda01
476,Daniel Theis,C,31,TOT,44,766,14,0.594,0.227,0.199,10.1,15.6,12.9,7.9,1.2,4.3,11.3,15.1,,1,0.9,2,0.123,,-1.8,0.3,-1.5,0.1,theisda01
476,Daniel Theis,C,31,IND,1,8,-6.8,0.25,0.25,0,0,0,0,0,0,0,0,20.8,,0,0,0,-0.263,,-13.2,-7.4,-20.5,0,theisda01
476,Daniel Theis,C,31,LAC,43,758,14.3,0.6,0.226,0.203,10.2,15.7,13.1,8,1.2,4.4,11.5,15,,1.1,0.9,2,0.127,,-1.7,0.4,-1.3,0.1,theisda01
477,Cam Thomas,SG,22,BRK,48,1431,15,0.543,0.322,0.263,1.3,9.4,5.2,14.8,1.2,0.8,8.4,30.3,,0.3,0.9,1.1,0.038,,-0.3,-1.9,-2.2,-0.1,thomaca02
478,Amen Thompson,SF,21,HOU,41,802,16,0.544,0.184,0.341,9.9,20.8,15.3,17.4,3,2.8,17,18.7,,0.3,1.6,1.9,0.113,,-1.6,2.8,1.2,0.7,thompam01
479,Ausar Thompson,SF,21,DET,60,1494,12.9,0.526,0.225,0.244,9,20,14.4,10.7,2.1,3.1,13.9,16.5,,0.1,1.5,1.6,0.051,,-2.7,0.7,-2,0,thompau01
480,Klay Thompson,SF,33,GSW,57,1705,12.5,0.562,0.608,0.127,1.7,10.8,6.3,10.5,0.9,1.4,9.2,23.2,,0.8,1.2,2,0.056,,0.1,-1.6,-1.5,0.2,thompkl01
481,Tristan Thompson,C,32,CLE,36,446,14.3,0.6,0.011,0.447,15,19.7,17.4,12.1,0.9,2.2,17,13.3,,0.6,0.7,1.3,0.141,,-1.8,0.8,-1,0.1,thomptr01
482,JT Thor,PF,21,CHO,47,595,6.9,0.437,0.434,0.091,7,14.5,10.6,4,0.7,3.1,7.5,11.8,,-0.3,0.3,0,-0.003,,-4.6,-1.5,-6.1,-0.6,thorjt01
483,Matisse Thybulle,SF,26,POR,57,1323,9.7,0.521,0.742,0.086,1.9,8,4.8,7.6,3.8,2.9,10.5,10.4,,0.1,1.7,1.8,0.065,,-3.4,3.3,-0.1,0.6,thybuma01
484,Xavier Tillman Sr.,C-PF,25,TOT,37,736,12.1,0.455,0.249,0.204,8.1,16.3,12.1,11.9,2.8,4.6,10.7,15.8,,-0.4,1.3,0.8,0.054,,-3.6,2.2,-1.4,0.1,tillmxa01
484,Xavier Tillman Sr.,C,25,MEM,34,700,11.8,0.44,0.249,0.202,8.5,16.5,12.3,12.1,2.9,4.6,11.1,16.1,,-0.6,1.2,0.6,0.044,,-3.9,2.2,-1.7,0,tillmxa01
484,Xavier Tillman Sr.,PF,25,BOS,3,36,18.9,0.845,0.25,0.25,0,14,7.4,7.5,1.4,4.9,0,10.7,,0.1,0.1,0.2,0.252,,1.2,4,5.1,0.1,tillmxa01
485,Jacob Toppin,SF,23,NYK,8,37,14.6,0.658,0.444,0.222,9,12.1,10.5,11.2,0,2.5,9.2,12.6,,0.1,0,0.1,0.161,,0.7,-1.3,-0.6,0,toppija01
486,Obi Toppin,PF,25,IND,62,1368,15.2,0.661,0.436,0.176,5.5,14.6,10,8.9,1.1,1.8,9.9,16.4,,2.5,0.7,3.2,0.111,,1.1,-0.8,0.2,0.8,toppiob01
487,Juan Toscano-Anderson,SF,30,SAC,11,53,2.5,0.292,0.333,0,8.3,21.9,14.9,8.9,0.9,1.7,14.3,11.3,,-0.1,0,0,-0.031,,-8.8,-0.8,-9.6,-0.1,toscaju01
488,Karl-Anthony Towns,PF,28,MIN,59,1948,19.1,0.63,0.341,0.304,5.6,22.5,14.6,14.9,1.1,1.7,13.9,27.4,,2.8,3.7,6.5,0.161,,1.9,1.1,2.9,2.4,townska01
489,Gary Trent Jr.,SG,25,TOR,56,1507,10.5,0.542,0.559,0.098,1.1,8.7,4.8,7.6,1.8,0.5,5.6,18.2,,0.3,0.9,1.2,0.037,,-2.1,-1.1,-3.1,-0.4,trentga02
490,Oscar Tshiebwe,PF,24,IND,8,42,24.6,0.553,0,0.4,21.6,22,21.8,6.5,2.2,1.9,0,23.3,,0.1,0,0.2,0.212,,4.5,-2.3,2.2,0,tshieos01
491,P.J. Tucker,PF,38,TOT,18,269,4.6,0.469,0.8,0.15,7.4,12.7,10,3.4,1.6,1,19,4.2,,0.1,0.3,0.4,0.064,,-4.7,0.6,-4.1,-0.1,tuckepj01
491,P.J. Tucker,PF,38,PHI,3,66,4.6,0.6,1,0,1.7,22.1,11.7,0,2.2,2.7,28.6,4.5,,0,0.1,0.1,0.048,,-5.1,1.1,-4,0,tuckepj01
491,P.J. Tucker,PF,38,LAC,15,203,4.6,0.429,0.733,0.2,9.2,9.7,9.5,4.5,1.5,0.4,15.5,4.1,,0.1,0.2,0.3,0.07,,-4.6,0.5,-4.1,-0.1,tuckepj01
492,Myles Turner,C,27,IND,58,1585,19,0.624,0.342,0.362,6.9,23.2,14.9,6.2,1,5.1,9.8,23.3,,2.6,1.5,4.1,0.125,,0.6,-0.4,0.1,0.9,turnemy01
493,Hunter Tyson,PF,23,DEN,10,30,-5.1,0.25,0.8,0,3.8,25.4,14.8,3.9,0,0,16.7,17.4,,-0.1,0,-0.1,-0.177,,-12.9,-3.7,-16.7,-0.1,tysonhu01
494,Stanley Umude,SG,24,DET,17,190,13,0.711,0.596,0.462,2.3,16.3,9.1,6.4,1,2.2,15,16.4,,0.3,0.1,0.4,0.105,,-0.2,-0.1,-0.3,0.1,umudest01
495,Jonas Valančiūnas,C,31,NOP,61,1539,20.8,0.632,0.163,0.287,11.6,29.9,20.8,13,0.8,3.9,11.4,20.5,,3.7,2.5,6.2,0.194,,1.5,0.6,2,1.6,valanjo01
496,Jarred Vanderbilt,PF,24,LAL,29,581,11.6,0.578,0.237,0.316,8.2,17.8,13.2,7.7,3,0.7,17.7,11.7,,0.3,0.8,1,0.086,,-3,1.2,-1.8,0,vandeja01
497,Fred VanVleet,PG,29,HOU,53,1949,15.5,0.558,0.584,0.224,1.2,9.7,5.4,30.8,1.5,2.2,10.4,19.1,,3.2,2.3,5.5,0.136,,2.1,0.8,2.9,2.4,vanvlfr01
498,Devin Vassell,SG,23,SAS,56,1798,16,0.579,0.437,0.201,1.5,11.6,6.5,18.6,1.6,0.9,8.4,23.7,,1.6,1,2.7,0.071,,1.2,-1.2,0,0.9,vassede01
499,Sasha Vezenkov,PF,28,SAC,35,440,13.6,0.574,0.606,0.079,7.5,14.8,11.1,4.6,1.8,1.4,6.1,17.6,,0.4,0.4,0.8,0.091,,0,-1.1,-1.2,0.1,vezenal01
500,Gabe Vincent,PG,27,LAL,5,127,6,0.411,0.531,0.063,1.8,2.5,2.2,14.6,2.2,0,5.7,11.9,,-0.1,0.1,0,0.009,,-5.6,1.3,-4.2,-0.1,vincega01
501,Nikola Vučević,C,33,CHI,55,1902,17.3,0.528,0.259,0.102,8.8,26,17.2,15.5,1,2.5,8.5,23.4,,1.5,2.3,3.8,0.096,,0.4,-0.4,0,0.9,vucevni01
502,Dean Wade,PF,27,CLE,51,1024,9.8,0.588,0.877,0.1,3.8,17.8,10.9,4.9,1.8,2.1,8.3,10.2,,0.7,1.7,2.5,0.115,,-2,2.1,0,0.5,wadede01
503,Franz Wagner,SF,22,ORL,53,1752,17.8,0.577,0.311,0.278,3.6,16.2,9.9,20,1.5,1.2,10.6,26.1,,2.3,2.4,4.6,0.127,,1.4,0.2,1.6,1.6,wagnefr01
504,Moritz Wagner,C,26,ORL,59,1087,20.5,0.667,0.2,0.396,10,19.1,14.5,10.7,1.4,1.5,12.3,22.7,,2.7,1.6,4.3,0.188,,1.6,0.3,1.9,1.1,wagnemo01
505,Ish Wainright,SF,29,POR,7,46,10.2,0.53,0.889,0.111,0,23.6,11.1,0,2.1,2,5,18.4,,0,0.1,0.1,0.055,,-1.4,0.6,-0.8,0,wainris01
506,Jabari Walker,SF,21,POR,55,1213,13.5,0.558,0.281,0.339,9.9,24,16.5,5.8,1.4,1.6,11.2,16.6,,1,1.3,2.2,0.088,,-2.4,-0.9,-3.2,-0.4,walkeja01
507,Jarace Walker,PF,20,IND,20,207,12.7,0.506,0.487,0.092,4.4,16.7,10.5,15.7,2.7,3.4,13.2,18.3,,0,0.2,0.2,0.047,,-0.7,1,0.3,0.1,walkeja02
508,Lonnie Walker IV,SG,25,BRK,40,716,15,0.579,0.549,0.138,1.3,11.9,6.4,12.5,1.9,1.3,9.4,24.9,,0.3,0.6,0.9,0.064,,0.8,-0.7,0.1,0.4,walkelo01
509,Cason Wallace,SG,20,OKC,60,1227,11.9,0.632,0.549,0.095,3.5,8.5,6.1,8.3,1.8,1.9,7.5,12.2,,1.7,1.4,3.1,0.122,,-0.7,0.6,-0.1,0.6,wallaca01
510,Jordan Walsh,SF,19,BOS,4,33,3.9,0.2,0.6,0,6.9,27.6,17.8,6.9,3,2.7,28.6,9.2,,-0.1,0.1,0,0.001,,-9.2,3.7,-5.5,0,walshjo01
511,P.J. Washington,PF,25,TOT,53,1573,12.2,0.542,0.488,0.181,4.3,15.8,9.9,10.3,1.4,2.3,11,20.2,,-0.1,1,0.9,0.027,,-2,-1.1,-3.1,-0.4,washipj01
511,P.J. Washington,PF,25,CHO,44,1286,12.9,0.545,0.479,0.185,4.4,16.2,10.1,11.4,1.4,2.3,10.7,20.9,,0,0.8,0.8,0.03,,-1.7,-1.1,-2.8,-0.3,washipj01
511,P.J. Washington,PF,25,DAL,9,287,9.1,0.522,0.538,0.161,3.8,14.2,9,5.5,1.3,2.1,12.3,16.9,,-0.2,0.2,0.1,0.012,,-3.2,-0.9,-4.1,-0.2,washipj01
512,TyTy Washington Jr.,PG,22,MIL,5,21,-3.1,0.214,0.429,0,0,5,2.6,5.5,4.5,0,22.2,18.3,,-0.1,0,-0.1,-0.238,,-12.3,-0.7,-13,-0.1,washity02
513,Yuta Watanabe,SF,29,TOT,34,464,4.7,0.474,0.733,0.147,2.8,10,6.5,4.2,1.3,1.3,13.3,13.2,,-0.5,0.4,-0.1,-0.01,,-5.4,-1.2,-6.6,-0.5,watanyu01
513,Yuta Watanabe,SF,29,PHO,29,382,5.4,0.502,0.773,0.155,3.4,9.5,6.6,3.3,1.1,1.6,13.4,13.5,,-0.3,0.3,0,0.003,,-4.7,-1.4,-6.1,-0.4,watanyu01
513,Yuta Watanabe,SF,29,MEM,5,82,1.5,0.327,0.526,0.105,0,12.5,6,8.4,1.8,0,13.1,12,,-0.2,0.1,-0.1,-0.073,,-8.7,-0.1,-8.7,-0.1,watanyu01
514,Lindy Waters III,SG,26,OKC,25,171,10.8,0.644,0.923,0,0.7,13.7,7.5,9.6,0.3,2.1,8.8,14.4,,0.2,0.2,0.4,0.103,,-0.3,-0.9,-1.3,0,waterli01
515,Trendon Watford,PF,23,BRK,43,499,17,0.625,0.21,0.26,7.4,17.1,12.1,16.6,1.5,1.8,13.3,20,,0.9,0.5,1.4,0.133,,-0.1,0.6,0.5,0.3,watfotr01
516,Peyton Watson,SF,21,DEN,59,1071,11.8,0.556,0.368,0.251,4.1,13.1,8.7,7,1.5,4.5,11.1,16.4,,0.3,1.5,1.7,0.077,,-2.6,0.5,-2,0,watsope01
517,Victor Wembanyama,C,20,SAS,55,1579,23.2,0.569,0.31,0.303,8,30.9,19.3,19.7,2.2,10,15.7,31.8,,-0.4,3.1,2.7,0.081,,1.7,2.8,4.5,2.6,wembavi01
518,Blake Wesley,SG,20,SAS,40,524,10.3,0.547,0.232,0.384,2.2,7.8,5,25.6,1.8,0.6,18,14.3,,0.3,0.3,0.5,0.049,,-4.4,-0.4,-4.8,-0.4,weslebl01
519,Russell Westbrook,PG,35,LAC,58,1313,16,0.511,0.243,0.234,7.1,17.8,12.7,28,2.4,1.4,15.8,24.7,,0.2,1.8,2,0.072,,-0.3,0.7,0.4,0.8,westbru01
520,Coby White,PG,23,CHI,60,2198,14.8,0.577,0.477,0.225,1.7,13.1,7.2,21.6,1,0.7,11.5,22.6,,2.5,1.6,4,0.088,,0.9,-1,-0.1,1,whiteco01
521,Derrick White,SG,29,BOS,56,1793,17.3,0.623,0.579,0.197,2.2,10.5,6.6,20.8,1.6,3.3,11.3,19,,3.9,2.7,6.6,0.176,,2.6,1.6,4.2,2.8,whitede01
522,Cam Whitmore,SF,19,HOU,34,590,16.6,0.571,0.47,0.26,4.5,18.1,11.3,4.5,1.7,1.6,8.8,27.7,,0.1,0.9,1,0.079,,0.7,-0.4,0.3,0.3,whitmca01
523,Aaron Wiggins,SG,25,OKC,57,825,14.9,0.681,0.368,0.184,5.8,12,9,7.9,1.9,1,11.9,15.4,,1.5,1,2.5,0.144,,0.3,0,0.3,0.5,wiggiaa01
524,Andrew Wiggins,SF,28,GSW,51,1388,11.9,0.539,0.307,0.234,6.2,10.7,8.4,8.9,1,1.8,9.5,20.1,,0.7,1,1.7,0.058,,-1.8,-1.3,-3.1,-0.4,wiggian01
525,Lindell Wigginton,PG,25,MIL,3,8,5.6,0.51,0.4,0.4,0,0,0,0,0,0,14.5,36.8,,0,0,0,-0.151,,-14.6,-9.1,-23.7,0,wiggili01
526,Alondes Williams,SG,24,MIA,2,9,-16.9,0,0.667,0,0,12.7,6.3,0,0,0,25,19.7,,-0.1,0,-0.1,-0.485,,-20,-7.1,-27.1,-0.1,willial06
527,Brandon Williams,PG,24,DAL,12,59,11.8,0.447,0.273,0.5,5.5,7.5,6.5,26.7,0.8,1.5,10.1,21.6,,0,0,0,0.021,,-1.1,-2.2,-3.3,0,willibr03
528,Grant Williams,PF,25,TOT,57,1535,9.5,0.577,0.624,0.212,4.5,11.9,8.1,8.8,0.9,1.8,13.7,14.7,,0.7,0.9,1.6,0.049,,-2.3,-0.7,-3,-0.4,willigr01
528,Grant Williams,PF,25,DAL,47,1242,8.3,0.56,0.662,0.174,4,10.9,7.4,8.2,0.9,1.9,13.4,13.5,,0.4,0.7,1.1,0.043,,-2.6,-0.8,-3.4,-0.4,willigr01
528,Grant Williams,PF,25,CHO,10,293,14.5,0.631,0.5,0.337,6.2,16.3,11,11.2,0.8,1.6,14.4,19.6,,0.3,0.1,0.5,0.075,,-0.9,-0.5,-1.4,0,willigr01
529,Jalen Williams,PF,22,OKC,54,1731,18.7,0.626,0.24,0.227,2,11.7,7.1,20.7,1.6,1.5,9.9,23.2,,3.7,2,5.7,0.157,,1.9,0.1,2,1.8,willija06
530,Jaylin Williams,C,21,OKC,50,628,12,0.539,0.636,0.17,5,22.6,14.3,12.9,1.5,2.6,10.1,13.6,,0.6,1,1.6,0.121,,-1.1,1.6,0.5,0.4,willija07
531,Jeenathan Williams,SG,24,HOU,11,76,12,0.499,0.1,0.233,11.2,2.8,7,11.9,1.3,0,5.7,19.6,,0.1,0.1,0.1,0.074,,-2.6,-1.1,-3.7,0,willije02
532,Kenrich Williams,PF,29,OKC,49,708,11,0.561,0.541,0.055,5.8,15.3,10.8,10.4,1.7,0.8,8.8,12.4,,0.7,0.9,1.6,0.108,,-1.4,0.4,-1,0.2,willike04
533,Mark Williams,C,22,CHO,19,508,22.3,0.675,0,0.424,16,24.7,20.2,6.7,1.5,3.6,8.7,16.9,,1.6,0.5,2.1,0.195,,1.5,-0.8,0.7,0.3,willima07
534,Patrick Williams,PF,22,CHI,43,1174,11,0.553,0.412,0.184,4.3,11.7,7.9,7.8,1.7,2.9,12.8,16.6,,0.1,1.2,1.3,0.053,,-2.3,0,-2.3,-0.1,willipa01
535,Robert Williams,C,26,POR,6,119,17.2,0.684,0,0.346,9.8,27.4,18.1,6.3,2.9,5.3,18.9,13.2,,0.1,0.2,0.4,0.147,,-2.3,2.9,0.6,0.1,williro04
536,Vince Williams Jr.,SG,23,MEM,49,1329,12.6,0.592,0.561,0.345,4.6,18.5,11.3,17.1,1.6,2.2,16.7,15.8,,0.9,1.7,2.6,0.094,,-1.9,1,-0.9,0.4,willivi01
537,Ziaire Williams,SF,22,MEM,51,1038,9.3,0.511,0.5,0.198,3.6,15.9,9.5,11.1,1.7,0.8,13.8,19.8,,-1,1.2,0.2,0.009,,-4.1,-0.4,-4.5,-0.7,willizi02
538,Zion Williamson,PF,23,NOP,50,1530,22.3,0.611,0.017,0.438,6.4,13.3,9.9,27.5,1.4,1.7,12.5,29.1,,3.4,1.8,5.1,0.161,,3.3,0.2,3.5,2.1,willizi01
539,Jalen Wilson,PF,23,BRK,22,310,13,0.6,0.4,0.263,7.5,11.6,9.4,10.9,1,0.3,5.3,13.1,,0.7,0.2,0.8,0.128,,-0.2,-0.9,-1.1,0.1,wilsoja03
540,Dylan Windler,SF,27,TOT,11,35,15.8,0.682,0.909,0,0,12.3,6.4,26.6,0,0,0,13.6,,0.1,0,0.1,0.198,,3.7,0.2,3.9,0.1,windldy01
540,Dylan Windler,SF,27,NYK,3,7,15.4,0.75,1,0,0,16,8,19.9,0,0,0,12.2,,0,0,0,0.233,,3.6,3.8,7.4,0,windldy01
540,Dylan Windler,SF,27,LAL,8,28,15.8,0.667,0.889,0,0,11.4,6,28.2,0,0,0,13.9,,0.1,0,0.1,0.189,,3.7,-0.7,3,0,windldy01
541,James Wiseman,C,22,DET,41,588,14.9,0.662,0.013,0.323,11.4,21.1,16.1,6.6,0.6,3.4,15.5,15.4,,0.8,0.4,1.2,0.098,,-2.4,-1,-3.4,-0.2,wisemja01
542,Christian Wood,PF,28,LAL,50,872,12.3,0.568,0.432,0.356,5.2,26.3,16.2,7.4,0.9,3.3,14.1,17.6,,0,1.1,1.1,0.06,,-2.7,-0.2,-3,-0.2,woodch01
543,Delon Wright,PG,31,TOT,36,512,14.2,0.509,0.321,0.267,2.8,10.6,6.6,22.4,3.5,1.4,7,12.9,,0.6,0.5,1.1,0.1,,-1.6,2.3,0.7,0.4,wrighde01
543,Delon Wright,PG,31,WAS,33,456,14,0.497,0.311,0.238,3,11.1,6.9,22.6,3.6,1.4,7.5,13.4,,0.4,0.4,0.8,0.087,,-1.9,2.3,0.4,0.3,wrighde01
543,Delon Wright,PG,31,MIA,3,56,15.8,0.644,0.444,0.667,2,6.1,4,21.3,2.7,1.7,0,9.2,,0.2,0.1,0.2,0.207,,1,2.5,3.5,0.1,wrighde01
544,Thaddeus Young,PF,35,TOT,25,379,15.6,0.605,0.065,0.151,10.4,14.4,12.3,17.9,2.4,0.7,10.8,12.5,,0.7,0.4,1.1,0.14,,-0.6,0.6,0,0.2,youngth01
544,Thaddeus Young,PF,35,TOR,23,350,16,0.618,0.069,0.138,8.9,14.7,11.7,19.4,2.5,0.7,10.7,12.6,,0.7,0.3,1.1,0.146,,-0.3,0.9,0.6,0.2,youngth01
544,Thaddeus Young,PF,35,PHO,2,29,10.4,0.436,0,0.333,28.9,11,19.5,0,1.7,0,12.7,11.7,,0,0,0,0.073,,-3.6,-3.4,-7.1,0,youngth01
545,Trae Young,PG,25,ATL,51,1862,20.1,0.581,0.464,0.403,1.2,7.1,4,44.1,1.8,0.5,16,30.3,,3.8,0.5,4.3,0.111,,4.8,-2.4,2.4,2.1,youngtr01
546,Omer Yurtseven,C,25,UTA,32,289,11.7,0.529,0.182,0.17,14.9,28.6,21.8,6.2,0.7,3.3,20.2,17,,-0.1,0.3,0.1,0.023,,-3.8,-1.3,-5,-0.2,yurtsom01
547,Cody Zeller,C,31,NOP,38,297,11.8,0.476,0.054,0.625,15.4,22.2,18.8,14.5,1.3,1.3,17.4,12.5,,0.3,0.4,0.7,0.11,,-3.3,0.3,-3,-0.1,zelleco01
548,Ivica Zubac,C,26,LAC,47,1247,18.9,0.667,0,0.332,13.1,26.1,19.8,7,0.4,4.1,11.7,16.4,,3,1.7,4.7,0.179,,0.5,0,0.4,0.8,zubaciv01
